four,럞ힹ䳐퉸ᇬ떜ࡃ퍗䲾䀷,0.758241039398507,1385909173,붘쀹幗恅陔鹞Ĵ縙ͨ薱,䝏敄鄓䚌䵲⑧測ᷯᖐ귃
two,唷农麩笣骷籲ἒ鏖铡횾,0.7645045607926793,-1685730505,ᓁẮ㉷뀨톡ꯚ暱툞釼誰,癵ᆊퟤ즋眉漫槭゠ᴔⷢ
two,⑳桽㓖䒟阶萵㾎쯬쭻♲,0.2412218297324482,1792572338,烰噊ᣌ໗ᆢᙻ螵䠶哚啚,翙゜祿凡䞇垆螶謝烄逸
four,惷癵桘鄲吸뎊쀿殕湭ꎐ,0.5509533021608036,1282324051,섶⟶뗕꣔欖ꐄꈣ꿰㢡佅,芃ᆮ큄ꞵ멨뻺늖䡄ꂛ糏
three,롭䍛ྑ㔲ꆯ敪䣅㰣鿇㦮,0.003789450993754606,1631087642,푸兞⮆橪ƕ鹓斨箢栽䞒,ḓㄐ狠挡疶瀫埝謈䑴㹣
two,橫䆄岵ῗ췓᳆ءꯩ뻔蛍,0.9746757592739692,1829469243,舑⌑쌻䙏䡆䔈伧喀证독,幊髴ⵏ⩪䚙砡邅䆩㟃馬
four,폍䇰防뭠瓩図㧂尭穖柹,0.5768553532938863,622449348,麟症꽛꛶궯쬎⽗漪ᝨ晎,点ᠦ槞摚찹搈།၆ꗏ䚸
four,䛛혨픮㰀簴떨磷疝䖒艻,0.634373467585488,-1943894002,漲敹Ա郁䐟䐗푎㪽뱭鹔,㍺忺줡ᴏһ퟿㴷楿兹뽠
three,邶棵鸪툐蛡綢嬉짍⊚㻰,0.6822370502369823,1662256329,⢉硇㩎㗙菪셽ㅱ鲪揸瓭,♖ⶂԄሁ娘괆⪫佄忛Ȉ
two,諑䮭첞賙받╗졛䂔߼滉,0.9089566364668048,-129520739,㉇㦛퉇砦窸個㸝莦瘷옋,㎫蘖ࡁ暯ህዸ䛘ضᖻ㳀
three,彋鬒ꮳ馘駛刣좉⤾⨍穬,0.3418491727460501,1526335673,㵷倜鬣뮆큐ꏗᮖ㍀㦥ꉞ,ʰ㞸弍⢚༥瓨澸膗ꓑ曬
four,삲镫Ӹ㜌鲠ሺ待쟣଍屚,0.9228188285102161,1481300166,৲狗ꉽ꫌쨘㲞儽䉀淜侇,礕૦鍐扯ങ඙갟᫴䬎ᣅ
one,娈⛾礢ࠜ掯浬䬻鸹⨅䃟,0.19426158583572128,-806310894,抳䇋欜莆䣆㎶鱏쉸铯焴,㜶㴥恣⬥⟼䣤ꬨ鰏倆硹
four,㛞晔琸αퟥ爾መ쑆벞怃,0.6442540795792228,1323782144,硷ꎷാ귿⌅诘᫯扪✔堛,䞨鏲붋镇㝮딆픘댡∛㏴
two,知ဉ얹Í쥬㚼宮ᵍ湙䇝,0.5647377034333705,-152711186,缕♏刪㸭뽈鱟ቸ㡵ほ핌,䙈騄ࣰ杢伪醜良㔹윂䗬
two,囪䔳ꡏ⽷幉[䦩봾祿⧄,0.41181981175403437,1342740534,뻑痈붶ल늽⸈ⷂᔥ夲粲,✳ጴ㌝ኆቿ닞雾콠䗯䂆
three,뾚넵ẍ༄㛁ꡆ⦽⥌훪哣,0.03703389557971437,242901243,뇕ᚨ淹䉻䟔䔝멈屍筜ꅾ,◧닄楉춮뎚죭钄᢬鞪댚
four,讴鲡ᑐ목凪褀몲壗肒癸,0.845118731119536,674223064,武朼寅⪖휄욤叿凷ᤢ荛,◩喀㇘䤆ꀝ土샨囨푰舩
three,玌맟埵㹊囓嚘෡婵訮붫,0.14177583134663574,-1670926673,얛ꄙ䗌䄗ἕጩ鶂ၜ㦫ᇼ,㝊蟑Ẉ챟㧝荋꣔ፊ㭩撷
two,㺮㊰ᘢ䞂ᅭ륇늆骴㧋낹,0.46206280024218993,34424622,幈ꃦ鰅阣쓃密僴欨Ⰿ࢞,䇊淋⴫길轐h虬乘㧢ᯡ
three,흎揵楌◯垦쯃筮흳䎍ᑡ,0.8120135136989963,-1428941380,墟䁩硆ꝷ圗ꖷ쨡䓉䯍ඝ,찊諅쨥맻掕谡♺㞊ꟳᏠ
two,齧ꥬꈞꐴ뙛ɫ┿졵ꢱ͙,0.53188452201855,-394320913,ࡉ⃤윾䀇溷糢괾翱ꈟ떗,낡㩜愊群樇舸ต뵨␕서
two,퓖ꟁࢳỴ※瘐⩞훓矓ֿ,0.04460043923271939,-2094386751,聇깱ꒁ㴐㜠훨䦏烍꬛ऋ,‍楍륆厱⃄蕩顝익猬氦
three,蘴⨪ᐪ潵弃諆䔏튮譽퐿,0.08279860387104421,622325266,쐬描뮽좑뭇ਸ਼걍펱蒼綃,库觥ѭ뮵䣒ピळ摀䑌軉
three,顛ᶓ倰ᚯ爠좍ꦺ㝡碈洀,0.6574776686499344,1998129730,뱤쐸ൽ攠Ⓚ틦ڴ蛗맚㺱,諩つ诰薛妅髷熞㨆ꌭ逵
two,⻱폚瞡琒뜋䣘෭웖뢂鄑,0.3492326238575919,1247022563,㻡郫篌渗㝑蔷ꄟힷ盡᯹,뙙ꂴ긛ᯑ૞ꎟኖ웑┲⤯
two,顁濬騹킐䦹츫⛄톛ୃ舺,0.637027613373038,715845337,ބ敦꾫쮧̏ꮊ⡙䧹베ᵞ,燚뱫鐔둆媢쑑䯴ힳ꤇抦
one,揢꺛鳧䋧烝㛟幟鄁硚┮,0.7830121344439623,-436247719,疦梭롳䂠셀૑퍈암᫞瀂,ⳑᲞ廀杣ⶉଽ堅툘뮆덐
one,꾞ᦑ䃦泭쏍ꮛ火蓭葧핹,0.6437776649507414,1461450412,კ᱃劝查斚᱇Ⲷ豤氌葎,舷詐噆⾅㏰㎬艗፨꧚憨
four,菺ぱ࿼勍䑸⽨蔭㿝횤됕,0.5159962648584538,-1992757594,魳빤㌾㚑띭᷈洂禿謟絢,罶ጅ㫿➀쥇Ꮹ궀ꢄᏅ믪
two,좼敗붪唂䗔뱀寙楎ɿ劂,0.18438993719785635,747132706,竰鐝픊㒤릠태掀⨭᳋䆰,譬쎍烀텓暫ூܦ髿ꥒư
two,ނʔ쩏᎑딟鈲㠶쒨꧘贯,0.501736579366764,558096911,鑱ᇏ᝜៓㵯薟乒뽢䱖殴,┿싯ꈌ꾆退큕س퉪˻虒
three,臨᯻啊탘⏝ꤍ䰦댳튘ὥ,0.4867000153930534,-873593391,䄊媛뢰눩騒礜⍳퍘迗睠,㋑䡈齊캚ᐗ₃䃉藋穏湗
four,汯圍⌺Ꝯ㼫剆ꅟ豥䧿鋓,0.5872187937024119,875213053,꼖ᩡ휰ϧ컢憝갖쐵㵭ꥼ,윔댋䬟᢫㇦솆幽▙誶迵
two,੎糺ꐉ끍牏缷ᯔ£ꅻ᎞,0.534326404972311,-90940998,剿䫌䗏畖⥧ࡦᎎ鞑ꆟ蟃,顬㷈鴜㸷灢撗】䫯ꌢ吉
one,仭懣୰닠镚섹劸쾌独崃,0.28221553543747313,-144576429,峦䑁䷳⾸接㬈᪏뵫盦뾭,룟匠骘鑂祒ث쑹퓂꨿㒃
one,⽽狹㶄愽ᡑ␦펴덲嫅㳼,0.1579424708057504,1324851128,쯯邃䬖ò統鞓鰩甫䆘痪,父頎ะ쯌痚㽙퍹퇊䷕怢
two,ḯჯ㕤᫹切顩왋椄↰૏,0.7659217728520222,-95020031,茑筥뿏抉肸뛲܊䘮ꑣ踇,鬉꘶珘ɖ὏Ự胹怹홿ㆵ
two,⛛챑㜅ᗓ앹ꀴ벼む쑿ꠤ,0.7496948973434097,85317173,င拹䲟枉㐠닊왕徯檏䔙,擅鷵⾐⤦轩廭꥝䐂࿉䨬
three,꫻⌌Ŭ錯ꛌ苻甁䉩䬕戳,0.6641865225606656,744527321,奧㈎롹蜱랞矸푬丞뭨ᓑ,ᾋ㙠쬎后⚮⠡답畊级ㄽ
three,ꈙ꾼ᾨ鱥迊Ṣ앷徂蠖鵕,0.6015973878494133,799867934,ꔾୣ೚욈沋爂斎屋鬒஭,ফⱞ埮ὃ聑沉틭ꩺ͂屄
two,ꫝ┼偯ꘔ浼ᒓെഃ⿯㶟,0.7647361065138385,-632983135,哮Ꝺ䄧㜀똟嚸▋㰦ퟪ瘶,䳝緷尫勜봰置襐裨繐瀗
one,䣫夵晢龦Ĉ欷쒝获凤佦,0.18228541519720476,-1662853351,낙攌顸垜ࣸ喆⊴冩⅞橕,꛺᤮ꐨ褟ᗜ얌詹櫦⁺❜
one,폵瑡㠗꾿컲ᵱᇬ㭈⁧䖑,0.23438019495108398,743760489,傹齓偅ݩ쮱䕵煟䛘㙸᛫,텐䢘슡᧮ộਵᰚ嘗蘝䂠
one,䓋微顛ጢ℩梖陰↚搯㸓,0.8016685586209698,-232213260,补ᢿ㨐曞鬮⃏ធ䃌獞♅,㲊᜛j챽㯀碃榞ⷒ쫩瓯
two,핅胳왮觜ષ㐞䮾刜ᙐ싋,0.1364938453366349,416832799,憬㫁ᦖ줪ඵ刾뚘㾕㷿乐,릛髑럎ቌ賆鐧쯕ճꖈ켜
three,፴昊甔傛鹣ꮁ썟쀲簻쮘,0.09026983422224255,-465712032,꤭䌲纗ꗫḦꍦ쯫խ͟Ⱖ,따끟섯ᛑ۱踫碦ℽ䓑᷼
four,歚諣遛䷎황⿉ɠ。걉꒳,0.39739916919020546,1607779423,⺁쵩鳻ൊ윯蚭쥮ꫂ⒇酑,㍚ᥑ蹔톭ჹ๺殑䐺夣牵
three,鎫ょ蜋켲蒙颬泖芑뺚ᶠ,0.8880295699043345,540389599,뽲ㅕ龏䑂螃㚤깓묗쀻当,桦逬皥ꝋ쎢㍈葹ꑟㇹ픳
two,죅ꑿ拵커栂竱楗㏡쩬聹,0.568073997893685,1252012430,洢雕똶읜䲁᧱䄅ᒈ뮉莾,㛖⒡띱㤫产䉳곡Ⱇ浱⒒
three,붲䈉늷먟㊔肁ꤷꍭភ쫻,0.42283149036149836,1218387450,菄⩖쟄붉㸊꣧ꊤ蠀玳삵,꒚췸孄픠祶䠀⟕뽬Გ뫹
four,솓另佭桗๾侔Ⅷ歸ꪺᕔ,0.20746148088023797,-1265422551,籥ꗎន땇瓾璖嶤鈼ꃔਂ,ቱ䀐쨙Չ䆓㶬闺ࡳ䳃Ỳ
one,ꤍ㋰恔쒽䔀ꙅ㽾켫儥铴,0.8168649896499112,429096374,远抝옇㮐跦㌘ꭙ뷅᪸ⳇ,৭Ꝣ휻慈퐙空횧㜵ࡌ걀
one,Ⱝ諄巏ꡪ봢縐몳㔹⢅潌,0.863240808623725,-2022016934,䷉弻腋敌㳁㋆俫➭뼥ᙼ,☝癜㗽輰贲ꂟ黜뛴谋蓻
three,닒㡻⓳鑽잕麃◦愻鼜첝,0.8221765088439341,1322659400,ꁻ豨죾⽚椬撀䴚廮쁋揌,遤ㆆ홹蜃닏큥⥭ꈵꥼ矄
one,嶳さ腚悿∨罸恍뙪맟浞,0.03606335887616252,-543190580,쮸였樮䚕㌅襃䅿윭峲紷,䥷媲蘭ㅆ휉粃ꊋヤ뗕黙
two,對舔䛅儏곝㊮鿣쒥쫂Ċ,0.4165187780933941,-1283587321,坪쵌ᣁ噢쬙ᛮ畱洓쐳퓈,೸殩慂歂᝚䘦꜀䢏거遖
three,࿲ࡂꛡ螢跖╕⸧උ蓜瓓,0.22790848687774956,-1786523712,쾝⇵享㻐檱髐灯ꓳᠶ왡,鏷刕츃벮䏭쳛뤭䟬긝鶈
three,鑐輡싑좸뚀鐜撙ກ惦䰎,0.22613566020141307,-232082270,飂宊武哃㪱佺讹淔㓧瑔,筯됎絖ꚽꀑ晾海럜톃ብ
two,ꀮ䜭欘䙛弳㢖䜘ᚸ㴿⸆,0.9414365629467518,-402481825,⎗쪵慉犹ꥹཝ茚⢎杚壧,맘넾뮧医齇൫ᐩ폲쿽횬
two,잠࿼ソồ掵욨챀䯽㙃諻,0.25080639676269856,1656960146,豉次䣎锋൩쏹ꦔꂴ뭜孓,흒⳴쎎㰓糈⼗ꖙ륁롒ꄙ
three,侲狕ऻ뒛쥟猟᱖瀩棇㕱,0.015211174450638576,1975327057,媸ꪌ䟊ᴍ䑂㹾​앯અ惺,쌸ꯗ㤑〃⠱藔遟쟁᱁塪
four,䶫띌㤺⧏銩洘韣롧ḷਓ,0.6938240779628904,1986598865,⴪ೠ㷓ᗅ뙀슺纥깥聍ල,㟌䐍䋰ꏟ儖俠問笻彙걉
four,칯넳喠㫣쨎ꋟ鏐ᰨ桤싣,0.852746028446823,-105751666,챷⃲೪꘍탐귋蟙婙붨ⵐ,唙爻꾏싍䝒숈눞⓳黾᷉
three,퍚繆┏撿輡ေ忊ᡁ錰㉯,0.8192304948545454,1055952076,⠊项뾷勅ᾷ㘏艊ᫌ咝삳,뺐獋㡆駮桼쬰둗톻ᢷ疃
one,㬂찗훣䡀ᄋ젠秝苓ꂱ뻮,0.287953180136195,1107097716,攛⮤큿鸣䵡ᬥ涼ㅣꣁ␱,쐢୹던才愌㡗篡䙚흓죯
one,ᴧ銰쬍Ĉ萸ꈩ௫곪宣鵚,0.22233340944216862,1409519766,廠鼆疄⨒䇋뚹㸗촇霺弁,頼衁죸垴锪꯿୩潲⚼ቛ
three,衿웄⬹ಔ囬뷘竹鈆䬑偷,0.08529344883236623,1511494937,ꆸ㧴䗪᣺牽舼銮Ꟙ圩圠,舁瞴䃱ꇸꦣ೗뎟䇠崡ꐒ
four,ᖚ㹘卮閥줌퉗䥼졃䬗ᅬ,0.08717271782780867,1751275358,潪塬壦夡齣밮탸ᩢ၍Ṵ,㦰⾶喁鲘ᯭ䂝葀߀☲辿
two,쳤ሄ䒟ᗙ퍦᳏뗋羨羴ᅽ,0.4124587323620613,-1190682399,⻺帆맟쮃䲞켞⩼ᴂ뎆跭,㸨䈖벚ꉴ뎓柠壿햒῎
four,以茙뮛ꀐ쐅踡藖סퟦὦ,0.37418950090127356,-726524894,ݗ睵Մꔴ胟앋᫾衫ᭅ筐,ǰ쫳泯ᇓ艿쑆耬옍ᆌꍭ
three,큗㡕ᙴ䒤᝭궲悙붊蝶℄,0.26256311922793285,-1734440878,韍諆鱖䄴Ⓔ䷌掽犼篽纕,䚠흢⼶ꅟ㰚ᯢ띮㱂鴀ǋ
four,밸न땻芴⯟騄礁ᛘ맪뉵,0.21901706123352938,1044302755,銎㋙罽츃➝拦溬쵁たꓗ,빡㒡麰玦朜펚뚐쏟踼䁃
three,㊰퍽Ꮅ魾켘쒼䏩ਖ਼얼텥,0.41053656423795004,719779111,ඦ׳蟫ᦿ덃ⴎẃᗐ꾽逓,聧≷禵콨瑺퐞燻頤䴉य़
one,貫陓ݚė脅閅绨巉῕ሾ,0.49331556114642316,238763675,緸ꖵ潁饮뚫㇛쥀儨醖눴,贊笅ბ澝虊䟸阼渻嵺✸
two,ꦈ℺홦㭬⹘珛弐ꀉ씺靃,0.43676658026192505,-1089671261,氙㹏ඟ儎徂ᝰ䟌峵词崚,ᡰ迿ꖽ脲堷ꑅꝍ翇䪙聇
four,ⶌꖤ䓭戹㤑ꫡ짙䋕䵃쟆,0.6732923897118283,1554446126,䘃뉙గᴏ蘙켂柙쟝읾དྷ,䫧鼘Ǔꎦ᫽획ㄱ讜໠媯
three,Ր漞䝞踌佔ᬤ귫ཙ藈ᄐ,0.9652198224741504,-1260587737,癃恡훝缔雋韓ᔒ줲暆鎈,剽ደꢼ궋율䲟뒧袄늁䎐
one,믅㵗즍礂译⸔뇽縵拴波,0.1514994646751695,676304286,移즿㚯괿㸹➎䲇卮⤯菨,㱝❷夆沶톥⎢鑻䝱㬠촎
two,딤ꗺ顪吥㣢鲖ൾꌟ퉝틩,0.07161266884571915,1452759045,렼䬲쌙羢䟛૯陛훢疚㍤,ዶ촥襹趦䟾矚緟廮엡쇐
four,鋚肆ࢱ涧ዡ쭦鳟⋠骕讫,0.5113058793381866,-1901627327,鄘풧鈛郿붎㟋׌䋉Ꜻ腂,䶡௨慑䆘镍ጩ䧇꿾֪좎
three,椦萝偻鐬弇耖銒旼⿻되,0.8011367829519573,-511017834,茿㐤ᩚ汾襥嬔骐᭏⎁炄,唨̛룚ᾼ枏汜㙿鐞䱍᳁
three,孎삀홸今긥쳏슂큪醔ປ,0.23787127289424004,1101150903,ꏿ雞碠笙杛襣㖷羗鈣㠽,³荈계셐ཙ㉌쑿靓鍱켴
three,ۡ칝岃䌢䒛⊄⪱䪡㪥艥,0.5793503061496154,-1880111222,㫄᧺颎ᜃ켫䴅ᅤ龂侽Ệ,并菼ꊇ浘໺쁵⿅䁸궨䀄
three,姿鼟瑌酇鄾ꛡ⊱閮뀮ຳ,0.8693703782183224,-1162672041,৥春ꉈ왭熈䧽螡'뫈済,៩뫱呦ૻ벡岂酨쥫ȓ沯
one,쓞䔇⪶拶퐴좉ꃄ㡯׶㷄,0.6418135702243261,-819703426,埯࠙꽁挽篯须䗅緢ꘒᏬ,樭ᄤ蟅砪獲⾙ᅴⱇ퍣⩛
three,㡿软萲Ήћ糙Еꗣᚬ쮆,0.7806547193886673,-676858390,㢖୉뙹郹븫荽㤝띂䁉䐞,뙘禝톿뿹厲諝௏绁쌛缀
two,ꏆ傀ף僯퉺䏹치㵝儃힉,0.28870136181557915,-1110985772,gᙶ陭ݬ礚筆焖ᤖ෣傸,澡喂亏寪㢵族岫㊕䠀碼
three,恕끨왜컆绍㰓礬赩ⷔ磎,0.0496127821615413,1404098203,얡쓨⯙Ⓡ蓄⌎ၶ푿ꝺ疉,Ⴇཧ܋彊䅷࿔莳譵¹栲
four,骓ꆱ桥밫巆檜黥懨䕊퇍,0.08390521949266483,-221216066,玭鮇遉溂둭쐖谤⍾딜ꆯ,즧ᇞꉭ✌ꨡⰿ䦯㐢ꁖ䫰
three,䗷焌㬸뒩荿㡩했ꗇ櫓㌭,0.17346445685441636,1269252142,伉ꙹ뷸焷ᗪ嵴ᾐ₵浨薰,놖霰䛲㝯漻⾟Ԩꕼ䧵蟝
one,謻ꐒ⸒ⶏ繥⧬꒏侬諆㠪,0.06112134503073485,-1702934373,഍慾叱䆤썛ᓆ똼縒䷔킾,礅ꢧ曁顚犅魬Ϩ彖衰絋
two,숖㡫ᾫð䉶㞐⋸恘ꀞ动,0.5954824826168426,65581679,Ώ裥麣鞆䛝ꆴ怜᠔쬢淈,랿准ᓷ힯䤉༸㽡篋㝖Ⳓ
four,ᒲⰼᢹ᭄㥄뷃ᜎ鈞꼶䭈,0.5222965240860575,1837504134,扸㺀꒡폀㌐竼㷒亠䯊剻,鯧ⱜ倢俙蟺쀌냸댟㏦䊃
one,฽䛙彶⾤휛ڽꍈ々咶㝋,0.9676787179636228,-16574996,秨䭹◙᧝ꃨ䗉㰜啣秈굣,쌙絭怮ᯢ瘟矞폨嗼䬝䪺
four,䗋섹䛺䩫効㸧誏跣髸똓,0.269895906321284,-2097414613,㚹綎厡㣵꼷ᢙ吹└꟤祈,婖㩡ꔋ꼇Ϻ활垞馰湿簓
three,죂憦莉鲺ꂬ芙충⑕铊糥,0.03546230931055694,441910759,ᶑ㑹䟷첅㓆맍닩젬硝莏,⺀樋䗬봺틭苮銥牒娐鸥
four,摹᾿ㄹ騤箋䩡䵼㑇ዂ᭍,0.7102100434296809,-1408694052,ꄓ䌂莽鼼ⅯႦ鐀燛䤡၁,窟箶Ἧ핷趃눭㏯㾇ᣝ쎟
one,䂌풧쬍鿎㛞澯ᒏ썖࿓␨,0.7879245511021096,-2014668411,ᐮ鍴᷊䢺瀱䋖喸鿷≀뜪,텐䊼떩㫈ຈ⩅桸仄शௌ
one,ᒴ੺뮹⭾葖쥒씅붮惈,0.5099017103546135,-371163164,甍錓紳罓ࡿ䳡⥞랑佸䱺,줇㲕邾꯸ޢᲟ菟ꍢ쿙工
two,駝윇퓈뽮巬ƾ弽䩣띭忤,0.7021168504989131,-1103978422,ࢀ怄놊䚸㥼⽷쵏䜐⽤敿,㗞볞땚鹞㢄ꕷ棣沠ꉏ鱘
four,皷ᇞ濾ꉭ뷞ꨂ埐ꞅ잋鉊,0.644903006842818,-1193502182,茢┄㢃떥০몚땝䟽弓鵿,嗯さ辟叴퀞尌檺ꣷ⤰댖
one,↯Ძ䱻䷺⤄䎳葄㑆㏜钙,0.22947104238784888,-1361607222,梻堃猒壙ꊿ䣼栠쓩₽镈,瞼庱⩦뢾⻓ᆫҾ瞡㪒悝
four,筙ᒓጘꆜ侄ꬊ㗺軪ꏏ閡,0.2154301314776863,-945823048,䵣菮့ꠧ█넉¥假槱㘸,㙞䮐鏋ᐐ꾉࠾咪旳駁涳
four,뢒읭琑厳韡䲃᏾䪧㩠̳,0.1634959752516586,263082136,ꅳ낂㒎㨸ᢨ俼뒕ဃ㫬蛀,㔶찁셇ቸ᪅轀ꅫ羣撋炖
two,ꍡ䏾ఝᨰ䨎퍝빿흡픧쵊,0.2322311688288643,1011215725,苝差䑕⫠鳋扯炟꣇ẞ璦,ᚻ癊拒᦬稑࣋檧픚䛄ꜝ
two,㌞娨治啅檴甏챈ᑁ롅䊰,0.8043331693094358,1015378049,矴뫜霙ృ錗妀꿊閥헣仯,഍⌚馼꾑쾿阶쀓ࠊꬁ䏭
two,⇇鬡⸥ᮜ♔芿苂࡯暀毄,0.32929303949780053,-1255789647,ၣ䎍ુ㐓鷄⭓㫿쑂䫖缦,鍙䉒窬㔝䌽ഫᄵ䡨⚉튅
one,㐵遌╒ὒᮎ呯郷փ遭湯,0.3400442384695729,675303422,쁊赏ᡄܨ馿ꈖߙ輘蝗鄘,䧀褧眹颕씭꫽˵睊鏽ꖚ
four,욊炩䘕糆훌稟臞媬ꠇঌ,0.6023022712232563,-1548159144,举夛╎征캹⁚⃋㰫슿즭,ꁶ腅귵ű춷袳諐挨浻ᓌ
three,矡頓相鍻㳅礄ꫵ蒮䚇疯,0.11714753290124202,525065446,弗⼖ϴ贁딷꬝ꭰ憌ꔬ霆,飇슏쎜迏⟔䬑᠖ӈ壪ढ
one,펪⵸觻☀⛖ٌ惙冴僥ⴱ,0.28849953756022884,-1341118871,柌冴ĕ䉰䚞冖ᑐ倥ᒦ暞,؟ᣩᓊ樸課抚鄖䝍뻺ᕂ
three,갑탷㧰舏쿷慨荋퐐ʅꚗ,0.3225496353105691,1610185827,졵뽩풢˱閻䪭癆ᅾ衦槣,牋廀輹䆶ⰲ氩쿲砳ٞ꠿
three,齊衢銀ꓥ疀뼵뛺쉭瀠൒,0.023637462969799183,1330232367,褆줮뱦麍⸂ᓗ缬柽嶄붌,‫더僪찁銤ϙ틙ਾ뚿忣
two,뚾酳ꮾ鴒뿽騷궐긅佃近,0.4723879361435853,369434152,䀏吨⼁难툮ᦺ焾篩긽뭤,ϰ쀹떭⇔审⃄鳄킵尾톜
one,㈲㉂눱޷揊녩斝櫫ㄷ纋,0.8701139267330141,1085049743,藊቟ࡁ짺扤䇆簽䦦쁷猣,甤؍퓝䴾ᯮ啮퐪ጧ뙺㏣
three,攫嚈㥐ޮ蓄榿鹲맘φ蜢,0.25529790225724724,1488347872,놔쳝욭ဠ䘧梯璊ٲ篗롴,杻吟꤂愓ꅯ憜릢⏃燳릏
two,༹锎譶䒶蠜ꆒ⢸卸擩騊,0.09470397165743716,-251928932,⌾牘뒷煤ꪶ珃뙔❞瞥츙,썓绺觖ۢ詽뉫ᢇꠎ㡻坌
two,罡㒜熋뉤ౠ㸊膌죯ꀟ蝥,0.041247997183362695,-571733528,㳗鞝䓪꽂䟀⌍诚虘썮阔,糣鴇凣軝譂⭕ᱸ荛砹亐
one,ㆴ衧向ꖰ륦მ␼즭㗊╱,0.8754741264390158,-616532120,柣斃羄ꃲ꺫痍蹿뫋䜡ࡷ,㣺㒋渧何馵塨珙ꃛ嬵胍
four,䶞뮫ୃ㱈⌺꺊쾘稂뮹咞,0.403481490522972,322181695,銜䫅ŝ푠䅶抚앲극콦粮,➢㑨훱忀ㄨ姭鸫ᇂ휨蠀
three,諰畂拶♬싮愙࣍玊縭봈,0.2793780917911829,2131394077,롐磿䩖霔럆噜訅묣诬ࢫ,啨溗乭篞⢉ᚣᥖᨨ籝脏
three,闠巽ꉖ韝⏂羝鄇䗖㗟췙,0.5495243425951336,-669353283,啪窴ሂࠉꮼ㣱⋇琅后㺐,숝㟃쪪⼧逺挂迬瀞埻⁴
one,쒘悞牄븱艝˹ᠼ핊쩀㺚,0.22177131277167428,-548851636,旖ᕓ岈罛櫞썈췕䷧ꗵ숐,뿣鍑렘軙刋脅엱泒央랑
one,ᒸ鋩᜞䥀璒屯ⲝ쌇㓧둁,0.6850449721254918,-1118638717,䵂鏢駤䗿꿝⶝Ꭴ펺孅慜,묻頺㿹㷊杊瞥닰ⅸ㦵闅
two,捌ꋧᩜ雴氀脜䃣⣉黋薯,0.8968427374823914,931292548,텱爧땕럡欲蚝賁ꐶ뒜屬,ޠ䫐ͼᅠ緕뛷눑牄鲙䁯
four,塃䕢ጲ钝࡮랎൘춰ᩗ狝,0.18709281246495124,982688435,槙㸹㖑缵艫䞮n몔崐虒,฻髋쑥砈젽趄胋䥓郩촿
one,딀袰퀬䊴퍲쩏튁漹᯳몆,0.7570610584362315,-2001388251,떭섁♼方ᎃ禩盍䚪雫挋,纽鬋萛失䔟腟ጚᠻ정濍
four,泐霗퓩螏䣅ꌻ闉ᄉ簶谨,0.5145317993206449,-66005408,ॶ棕篖ᒞ緶໎噌㋼㱆粢,叽㲜鱐嬀⑫폣⭔ⴼ崽⦠
four,砉畲뒕熌殮嬥떶ᆔ䀽앗,0.37661850613295245,952666486,㠻꧎朂燳偆媡뙊껩㢝⪅,辳沜皡ጐ䬼湕잦餚绯첁
one,࢈윋搞콑Ჹ翲镃ꎼ∠䏃,0.08507745756231688,670903751,⧩ᯨ䬚詩肂ᗇ頳绫Ǟݏ,ᜡ燜뢂蝟縦ὖ瑰ꐇᣯ蠉
one,褾쯚᎗伨鼥媰걘㋎೴꧜,0.01809700212429355,-2142319628,鱬皍黪ꅥ禆炳顱杦ከ庈,쒶蓝격㻃떅骸ꌊ䙋䫬顶
one,⺫⯼准ಓ鷜◻࠵誼툧槷,0.7801297724862893,788907967,Ṋ躦嬨⺎⁃蛼䥜픾텸邠,⍗챠딅⤳炢螄乸⟡쪢鵨
two,讕괣呧乲ꛈ꬈뤴䄌荭윍,0.9458737393364393,535221996,슯敢桏࿱⬡仚␗™鼔ꄴ,ᕊ⳺啉妮嘒퀲㳺쾉勇෇
four,逺봃㏸䌺䚫艑䉇첟敥錌,0.258569781914633,2022061165,嶜謷搻툉飦婧孓턥漬찍,늏造숱Ῐ悰끿䞽뼲ṵ葚
two,ꐕ㇂않빇燕Ⳝ䏻阻閹ꃔ,0.20994814910918158,2043766860,复ᱯ჻鏮蠰세蘁ᖕ뮡⛲,쀔ꕶ삏◘픐쩸㇎ꢖ悆渻
four,᛹‘쿄᯶郌㋞⑍ଲ訩ಈ,0.1549954869722875,-1905539013,㦞疯㙗逳吲辌䊟먩崶ꎚ,柨氧䣿䣜䘣㩘츒켽痊澷
three,̒煖청༯ꥮ잢沖혊废떐,0.9288529921795762,-222735947,ྂ샸ᒛ潯色熹㮺ቔᣮ囥,븛濓뱗瞕鹙쉃銉㣰䖡হ
four,泩캅ྖ禿꽑亩숻쨜㴚돃,0.3707642032540789,-1786577398,ꂒ룊ꡘʾ娅ώ萶㚊灙ᄺ,ဗ긨䵹齄䪒䮍㫺쫚쮬Ή
three,ꡞޅ뻝젘⼽鱸ᴸⶬ컍炏,0.902181128306347,2003108308,軜脗즀沽徭ꆚ콫F㾻骐,멙ੱ鴂ᨑ귢ਖ਼힖嗪籁鷔
two,鋽䜨慞熄㣍Შ扖ৰ炑喘,0.7300711129617959,268229798,촌愼繟뒊馼녬㍍沧苩뉡,쩒≤⮩쇆舣廼꠺澥ᕺ͑
two,㲞퉔惕倥籩氶䢜앐阖뵬,0.5072098925094976,1498776306,ᦅյ犪鸯烘濛讗⮧껯埯,뎵綅⺯䡺馫뻋罴渇ㄕ滫
one,堧夁⤗蕹떡踾ꑒ᷑謸膏,0.038632312354136,-1999989894,ኅ䬳㹪ꃇ烤蒟簠紘ꫦꓓ,㩁놇췳ॆ甆㮙ᷪ↍᫐ᕽ
three,ꊽ櫨淡逛媢嬧쵊ꅕ㲪蘬,0.3084597000236766,-612875575,厴㴦ꢦߒ骠ꌁ僌꓋⁛쟖,ጄ⥍殕ǩ段蹜菅씬亊宅
two,巷쫫頬쾡蛍塊ᖷ떿覺써,0.14798916034794496,-1305427323,髽湅ᩎ쏩㍙≉롔⇇锱⬠,晀㕑戆穞䲮㺼蒇ݪ掚ฺ
four,਀䗺낗訾Ⱪ芑鳷娃鲐↋,0.11522458074598307,-817481831,ᬇ⋪쥦⏻贜눗ຓ↓᰽त,❣乀巽錍寝⁥Ꮼ꼲ϲ讹
three,㇄眅錻袵訒牣䷎̶曭贕,0.6707678146708209,1206591883,梂ꧥ珆衄娱ꢑউ圵⅍䕠,嬨⻿瑉爼㠕̚빐暫䭣Ϯ
three,핉⭟ꀽ볇儕䋃疩㎪㓏࣬,0.544733064439192,1798583930,嗵錁샹ଲ萓ᓊ൪잀嬜픞,햧遰뽸ⵋ冱䍮軆۔ꌚ惗
one,疫ᾙ拷똃㻻珓Օᶀຝ뵦,0.01629425566337528,681867919,鏄㒱䇅꿊ȧ쐶沕얥伩莎,ꀔ繬ᳩ姬쳂Ⰹ獧㉣돬齰
four,斉䀼൛丸ܸ栗㳵闚ጣ焀,0.625332253712705,41258739,傠墼࿡嘡퐿豑ᩘ稊·衑,룪瑪橱堰缵굩쫦耳䭭ꇄ
four,撚꾿珄詬驂휓ଙ쿛亿ု,0.004790371510824176,1386621824,͆禚膧Ⳍ搔웉䫢㔞ᆇᠭ,㥂ྒྷ껻棭㕀ୋ鎩仝諠磵
two,蚐裷৙෬흟ἵ厯凓穁쮤,0.9457557440752606,-989642805,復␙毁⭷䡥Ꞓ›ㇷ骖餩,港꠽圪匪쁪押凗ꤗ卓ꃼ
one,橯庌鷪ܹ⚣ᶘ䏥飥⾞䏆,0.3830933836501218,-407526606,禕抓䖵䑉吋⼃꺗韤ᖕ붹,㿲麑ग़⿝㤛⽀陓࿙媊ٰ
one,혞鍣ᨫ秴⩀鷥ᄄ줕冎먅,0.11708375452281583,182409502,奮哸覱놀Ꙕ薾읏鵗ኰ熜,㑐㳩箛툔蠪첍鰊ᠢ便䗯
four,㕷䏺剢㌩ἰ觗↚뉮痭턽,0.5947055558041122,-211972720,ꑓ괒ܔ碏ᮓᛖ럤뇋뵚馩,ᢂ໹ꦂਢ࿗탏웡⨳㒵ਘ
four,鼵Ḩ꫖苇纘炰贙追Ю昔,0.3605017110323657,-1746575438,琞翉굉俴핇ዬ๮縌䓡꒢,訠⋚돢ᴺ齏뀵␻୺頾ᨻ
three,騽ⷡ鎻푰콀遡䞘텆碂䘿,0.4693789228331471,949723919,⥮췄Ȍ꫑鲺ᱰ⾾튁렓밉,㏶劭ꮿ譟᫷憭죞ᑂ崮剎
three,炚鷹浸꠮ꕾꝚ뤘ñ茨ᾊ,0.3166049628397354,-2090482293,웾ꢟⲊㆈ롶缬⽸ᄐ麫沠,陃ˮ볉瀀뫤䦱뿳ᙱ얘醯
one,⬅ඕ僾流趔हꨧ摻决浐,0.4878752993114466,-816099484,婳둏칡曟ݐඨ▻䂠驽簕,뮂욕찿꽪≐໳繕뒳䡬Ị
one,æ鐞㗻❠㮡ܗ횔䦓듐쎍,0.34410584924571486,428592061,㌌煔憑໐ኦ䉮䧩๾蒒츋,훾魼罬唓쎏宂Ⲷꄣᙱ梛
three,⧹瀓온檕職ꊧ岺㘘ꭶ퍱,0.6696518940438413,1384686457,꽧뇡ᝌज㽐묤槷臰啞췦,쐷줍浠ꮱ쫰뇋勃貃䨥æ
four,䊀ྒ擉ܕ秞鞂軱࣠㋠㮧,0.7438172173090583,-782081664,쿵䤙ꖶ謾쬦큇箃ꏶ椄륳,෣蔆᝗㟋䂠鰙Ɫ传緫⇡
two,宐췛彯帮퉞ꪔ卸釠剐愿,0.22676100734048732,-65124707,朏乾낭⌟襺♛埚込磨ጞ,鞞仃ꗘᢷࠇ罅밆ꂲ蓛⢬
four,曍机ꦇ៕箠좈䧹䜲䐷䦱,0.3172859639706367,-764029814,앤傟ꆪa䒗蕿ঞꛘⅠ妈,簔䅪惦䱈좭泘ꮿ͙⤯極
one,ἤ㬮뜯⇉㊺✦魿꠾呧ཚ,0.0561049660382994,1889295098,뇴䦒㸼糰ꣂ鯢錨莕駆㯗,碗面䟧砛ꪙꄾ暓χ鷗甍
two,ፗ哰᠂櫳䀌隙큚鵂☃䴌,0.21112559327913638,365782680,陰ᕲᵃ䐫飗ᦐ쇖꺼匕,톊䈃鷡㠅䴱⺤㓕鐚⡈蔇
two,奌옱劂瘑愐ꔼꂐ䧡䉛퍁,0.11235987927184421,2115340619,檽頚嘩ⷿ텴Ჲ䅃嗘솳情,⽢ꭜ쐖夑㧛質虤耆ሧᗯ
two,›攟䜌锸䕌郡煵堧ꁓ뙁,0.07376919465169007,-662102963,᰽漧ॢ菴온礸쵠呓穯醁,ä말뮮᧍炧ᵎ䬿䉜稻ᅱ
two,ૂ늱㸳픱莳娚ᚙ爬㧀뿑,0.2515087543897785,2142414798,໥䩫⦣㚢৻᪄䩴駤᾵臥,ℝ톢老䩥矱瘈℺椁傍빝
two,Ꚍ탶ืၺࠑ槱Ḥ㝡녿薚,0.5799779333807245,1477794110,솪቗꠮큝븾츚渉擿霁질,▼㒏엙⹓䵫⣊鐏ퟚ漐Ъ
three,肐㙊च㺋說媂쩅偡ᯑ倓,0.37426206556581165,-327896970,䋜㝵뭏ꉍ豷闁俎ꭓ餙䀓,䩘緟쳛㞛ₜ濠꣡徺壭⚠
three,⩞䤈柏੐デ詢슙씍⋱쇽,0.48206678040207807,-102818483,礣⟷쐽鰦禙♺爄狙鏩鈪,쳕쏛ᨶ钶࠙觯Ꚍ⿏፰㪹
two,闬夐ꏣ쥗᜖叞咸呟较坂,0.5720762638512675,1247279717,妏눉⡉쥅즢榨䗰辤鏃훉,䉴⁀̒ᦹ눢죦뾽댷풄웬
two,퀇	Ǻ틲塶趦ٙ俳턇⊁,0.6006425678238673,2013329206,к䌄쪫爛핍톟軘듃괴䨐,⧊듶깽磱乷뭜务ᥥࠆ괅
two,ሉ醑ⶀ綗⡩뚝猑댶̍༸,0.506514692332451,-183833959,휁꼇㨕耷攧依鴃ڊ蚤ꓰ,ℸ삲鄦翋ನ頭휜ỢM㦦
one,鎨ꅣ缒玈ꪭ워훒骉胉怟,0.8500114890781931,717357159,뜡ꕅ묽鱆듢絲墠䭸滪ရ,곛瓆뉋뫕ެ质ᝨ謽ʊ喡
one,䩆Ԍ놟嘩쳳聖ដꕳ嚽瘻,0.783964652626143,-59928603,鞫Ȫ畀슅㛀쎉䯏懮梟뼷,䘠ᩅ蛭텕劐捅샿Ꭰ밲煫
four,䔩矻┎쐆ṷ訛㖝➩彅꾷,0.23574760416611273,1496675860,綽㎼굂䶁셭㡍鴙粄갲⺈,筐ꂇꜥ㢂♽碰娨臯٪砯
one,゜㈐䒿㱦긠⥹㭴겸芝擈,0.5489861535198595,-1572413917,௹鉱穾삦觌◳쬖Ȼ駊匠,荡팓彮ꝭ㋽꧳虦ሜ섲ⴜ
one,琖࡝廢넺倬㜒뾀핚蝢꛺,0.1987921447394363,-1022180470,⊩갠鄲岪駣ⰲ褠馵ډ㨇,滦킄䲵摸壣衡獖ꉨ㱺ᎌ
three,䈝䒙띪ꕐ⼐鄾杘븯Ꮉ꽱,0.6657048342844804,1934064806,쯧㪲ᲂ끃㿎橍牉엶箽뉣,ᠭ嶎瑭ꛜ삾頣ꅧႋ謩풭
one,㴕읇ɁᎽ⻝鐦Ẉ읹粇◷,0.09957070490305131,-2009394749,꙲⾴澞ൕ尝ॊℽ桓፲窠,늷⦬큤럠㎳蠫딫꺉섳䓗
four,졶篆偪堗鋞类褑핼Ƕጞ,0.5206823156565208,-1798218764,琩虫㕸⬜ゲ賑咱荣㫚杊,䃇폂挭뾧葴㑧슾ᾨྯ❹
three,蝤盂庠ꮹ뙦翰搜䙕⻲ᘔ,0.6277906470194544,-1198346182,굷颭뷬匋煋㪽䒸쌄趖㩲,Ⓓិ꼍ᄕ铷⫓翋㷀㌚恠
one,㤲俙紥䨤ꆆ邬욊ࡀꡙ묷,0.8237338143900163,307136181,챣髺筪▚㍀ࡊ痽쥈჆茼,渳끕磂芌ꆷ߇菭㳹剏ઘ
three,㍼鷶鰷謕룇윘䮲育᭥狫,0.5327629617396654,1310321407,폆뽦㿍액ė婓撲̀厼抖,㋽醊䦣Ⱌ裋넣ⅇṸ痍汗
two,ⷚы膣㧑☰♵꼺떃砗,0.5444736127342306,-647437850,儢㾦ኻ槁팊안䗏怒߅짖,衿썒瀆ᒣ믑肎欑เ匠㊁
four,啥貂텿᪀ִ骥栖ꢁ꼮䧽,0.042346061898422827,214573582,딁賐ẵ軇ԵꙔ虏ਖ਼菤炗,䣑캘濸颋⏆隭珚볧⑐潨
three,힗閮펺؍鼒쟊汤䴾友먓,0.8693358108691606,-1083191214,쒭ꔰ哝깍炡죎쇓䏹ᅄ唰,ꧺ藷뭤Β՞ྺ巅늵ᐈⲆ
two,囨⃔䋢욹⽠佦ꖿ짚㧑᪄,0.3761360529932153,-991349285,๲僵딈䯐斡崉勝༘赳樀,둏廵ゴ覄潓ㅑ㎄섬ਣ䬋
three,孿෫⿵鬭㤤ꕈ鲄⮫졃秊,0.44195030678453107,-1561858751,놭땛ࢿ欛℞磔囌굥䤣䏄,朣牴ኣ䇽綫롈옿辐깏ꂯ
four,箑睅僞횮白ὓ簌뺭⟏బ,0.7636420382890655,377920817,숇㤑㕶ꯙሆ靘Ⰲ趔푕߷,簂Z쐎Ⴈ내镍招ڹؤ忤
three,䦿ꣃ䲗䁝蜓ӊ䭰娡肸ꥅ,0.13268256706046722,1038373489,葥ᬿⵜ퍨誏粋躤脁坛펌,኱㶦遷轕츖鋆촶ꘜ鬅픱
one,豗㗑ă퀄逃܏ඣˏ룫Ӽ,0.707337172964807,82491453,雛뇖꡵炱燚윃婾骋ሼ옦,ᆠ笫횐䙤♪袉遦὾鮐ꆣ
two,☷ꇊ副ꤡ峘㣣蕗䂏蛹忟,0.7226306350422173,-140501691,앿樁猊놙忀홎鳛꥿浦䔜,䙖赤㩐矨懇㶸䜧꣜呗㆟
one,輛苻䛥᭡僭졄ැ痸ᵫ饡,0.9432328427322962,673854692,虇鶵約ͱ쀡갗蝽쌢᳦꿣,ಿሴ钂褉軎縐♰᚛束刍
three,칰犞꽪믛蠂걅蚢鐥Ы緃,0.563294888667271,1494886204,㹌ḩ캛㎴瓟鮞눎玹勏䌷,᪝횹洑蚂⫴䲣ᘿ䂉ঢ়ő
two,ඕ丐篗壨지ⶆ─錾没ꩳ,0.6606815175182854,-284387236,瘯➩㈍첧⁾ɒꮄ⮩斺躴,蔸䈵刏⬿⻾Ǉ⾘ހᤄ痙
four,俐륝繾濑뎨⃒띏艛揮ቷ,0.943504468606472,1349789093,᭘籀 탲Ꝑꏏ쀺枹藇麣,캌碛ⲟ迾⾢ờ肕䜌䛀콛
one,鐍櫤Ꮮ讨☃词봜趑㐡ހ,0.2642946227248817,1430667770,롯뀕㳝빶摘饲滣잸་࿣,禚뽚㫔쉯㆘귑袺،볷ଯ
four,ꗦᤵ嚯鹡휐匼鵌ᾞ紎抨,0.346130924956604,885630096,㖙尫徥鮘魗琀ች酖䳕뇭,ʷ袃삘ᱻ騴糝썚旞阖൲
three,弓櫾ۜ賢쾀欩늃姯迁ࠞ,0.9631073836205156,1860926281,ⷾ譊鵿⽤힗撽ᇞ旇‭⫔,홾檰쎙瘅懜딿瑠䩼䙢맊
one,㤛囼ᇘ꧖爘酐ᮍ쭏꾲⭯,0.3729031125756822,1062899974,㻔鞪瞍댃뽘㙇ከ帞㩔퍂,ã髏拚朵䝩䟜꨿⪈뇿ௌ
one,腒얗㜤㟖쬋᳾쇹휸溇ⷉ,0.12750805465552495,-1019516581,몄눧韘泓⁄㐗ُ葞䚁⼥,ʤ呒䵊詧䏼瞛宜鬪獐泏
two,梧䟭셙㑾뢏Ⅰ툳䤑黍嬭,0.04863938829499248,-1568651652,銯ቸ╕믟纥鍑쀔マ都 ,냤젎嗶稅᱅廏懬匝춷쟰
four,二쨀첒ே抅ѽ꒯鸘೉椇,0.9881642518311006,1269756771,幃䗂穱讔䤸䬂괚꾚졘踣,貦᷐钟㸽榡᭩ꂀ런歷㟖
four,㳬㰗욵ꑌ⿼퉜觚宑댈,0.7569434473041773,1915966340,힍觰䂞趰陁༠⩔⛺쳽輧,⭍琼혒횎ਨĸ㫀⫀傝⧕
four,淫吳䤎嶇充ࠌݪ怇傘햨,0.39154946405341495,30995074,薣穁꣮峊蒐ꅙ땬泋ᑤ牾,⣍ꎰ쫏之⿁븺ꨆ凓텭㱠
three,抽↦汖੷틇涚坰琙埛庎,0.80649844993972,-1876203067,㗾✹Ĝ䱞ో貋ꅶ玀쀂渾,鉃෣婮䇶妌셞胞㕐걝ꓸ
three,濌觘ꇈ⓽溾䔙嬌濽ϕ텤,0.955139763397223,-1000718623,ች㺗혯쎤錛᪥侪敀䕴揼,악ꊷ璙귋⛹㺔㊗⩲뗹ꈷ
four,믫ⱚ骠뚮悇ꇓ髊䇸ድ蚆,0.7573024152602716,-837145299,ꚷ㵚㪽晞瘪ⶂ䠍㊖౱撣,턔䠴䯹驯↡䈉붓㍣娐聏
three,ꡠꆿ坆㒚쎎풆릷琪騭༁,0.7664872906571877,1647668736,☶弖슀蹶军㚤᜸覭窝絪,怽ꁵ驱茼奞Ӿ媚业᭷偣
three,话뼈淄鷟깺刲魂㩛⯳퀛,0.15439420897070055,2121061988,瞿嗪쑺纶鹆霢氹㴈㼌貛,엸忹撩粲鶇欕蒇씔喷ギ
two,䛌๡鞔㐩櫱窛㐒Ŕ⑾ბ,0.3818762346293232,1097553484,왅흏阅ྡྷ砲듴㞃䄁㝵紵,ߙт⬿▏⮖鴠䊷霹묵쟩
four,ᓓ䩽댍쩊뫑箮낲뚝ท䘗,0.3058360618678603,-291513212,柉拁僤ܺ竬⾲䲺㛓썁䳐,ꁛ휚牾ℷ幠㤸ڭ堿稬Ἐ
two,햌褾۵뀗䡭퐭ʃ딻韈㶃,0.1429515693607626,591047670,䛛꟱ꃷ蘲ꯃ㫫阘俗櫀柯,Ŝ隋᭫魫禯橖똥ᣭ㰅䅄
four,먟筄叭锽賽ꆅᰖ䴽ⅻ冉,0.6130754218765676,1891834374,⬊姦ᚎ⮒馏鎧鋓䍳橠᳨,쾅쁵ኊꘛզ춎૝苆ꛧ㛉
one,즘헁僠䒣㽪␾쨙䚯ᨒ횎,0.037523490878732746,1524779778,ੴ겇뗀꘥绋Nᕈ焦榮⏾,녊䊖ື媤❈㷛ঢ়ᡅ鿅諃
one,ⳃⱿ敽✂Ǥⳳ೑蝔┅繮,0.7045644962757633,194257151,쨜柍錃董뤋䎕趎ᤐ㦈Ċ,䥯랟⢅阑栓⟍柳뱕离⦵
one,䭡厙臵渜쫄什ൂ侽柤燕,0.48076394343238604,-1801518434,쪠䄏옸䂫㎜Ხ云씵㗫뺓,쾛賹ే걂洭뿂튃麓뚰抙
three,磍᷵⿰뛕紤挧蹊黅㽥䙬,0.05505369200595356,-187714932,툗椫唏湀熟䛽䞋麀谪枿,峕⻪뗆졪睋踒燍僺㋞앣
four,鬰絔⚕侼㉈ퟺ㐮ண몢릛,0.43541928106999084,1326118325,귇针఺↾셏匀恙蕠᮱ꊔ,⣥뇢鯀⻔䒏㌟뮞픅ធⲩ
four,꟒⟯ꡚ䰈壣洈䞑咂动썅,0.7888026036035253,659197321,㉋ԝ᯾縁鎖秪崬✮⌢√,뷙慱ݕꜾ麹鸟쬼ᯫꬶ폿
two,命柴첏氄媟૝旫㧷స捤,0.3777864960807321,38134979,⿃骪蟿炋✎鄯웷Შ鸣ᷤ,퍛誟颾㬗ㇸ酒굑鵸ཀಌ
four,㓏쒟㐷艛꩗砲앑䱅ᤤ肃,0.18870113200646277,-1320875895,璈㺃㹵퍬덯놰钏®㢚䥰,츠ᄂ뭤ུ蘂ꖺ韙꟨ᨺ쌧
three,ᡝ귯쳝ꤏ鱕阜䂘愬䝘®,0.3564845998114964,-878512918,蛬ꟷ⸐庇酝⻆韄澁Ỡ᧙,苯㖧싇䊸⬌ჿ봤帾氭ෞ
three,槚Ϸ嫊뾧剡洠᥏믕ₜ녇,0.8667236402666803,1854155521,ꙅ焃浵뢭旈撊镲뼏굵虿,∲鈉厜灺ພɲ埯컴醴ᡫ
three,噅愳줿랁⤵ꮗ大ࡐჽ뮆,0.09306745820729423,1396820036,䰷ᔱⴳ硸얺驎皚ഀኍ葪,髓䆶刦浹녔焎偞ꔴ㤂柳
two,認謲ण溞䗬ଯⶰ맘䬿鐃,0.22413120964484468,1749432774,癮⏖킪啕꟦㑃垽哐풼ꓒ,䞱쯻Ր缵㼻₷ቁ琧씱ዜ
four,비䅺ሯ믿髧ἀ荞劮⤵䇁,0.9999657236710752,-1741292678,ʢꝽ♪ᦻ徑翁縢쿗ꒇ齇,쟰䧛᜝૰鰶艶⼕㌨슐獮
one,䭂挔氞䕈吜灐㿐䷋涛隩,0.4504011689592906,-496506182,ꦊ㻦Ã顐䶉函퉓辩砕㈤,Χ唾뒭긨ヷ蕻즒鵯짮县
three,엤쀭쭌⭧ணᮊ᫾ⴻ紘剹,0.6079329039152072,-923706218,⃊ꨦ㑰㼫Ⓘꔐ兘ૠ䓟堜,抲펶问䙃欹ӊ䡰枛얡枥
two,䋭뇹曘ἴ켔噧ڦⲰ硝ὔ,0.9141296705675785,2084746177,પୄ䫢䬾҆ᗨ빈쿱伒歁,輯‍駇⽤샸켔굊鴜℀㗦
one,鿐ꭄ䳬㨛⋒ꍌ備≾躶榛,0.12105113322851713,1170894612,ゼ⢑ꀎⱿ얀ᐅ膤緄彩鹝,猛触牿㏺ꃅ쯴꒾칋ሳ톾
three,좟袭⇪㷊ꊊ魊檽絽㶉禅,0.001381874790360449,-1137448711,쀪啎ᝇꚋ筍雹河꒪쫇뤦,嚑ೝ羯鑞㓖㍕뮇ᵛ礡唌
three,빣쁘춲櫝浹ꯊ炼✨䒹力,0.2744929753146358,871502143,췆έꖗ姷ꛘ酾閣秄崔㇇,햣鳠ᠪꝄཫ䔎נ紡腗萝
one,삧阯뺊꾸滷며俁濲农썯,0.6995370163824917,-778592727,ꚅ㐽榓瘐视䢥퇄㨗ꌹ޲,뭘⯫啳揖墴澅㧵愖墯䩷
two,瓚饦웠䳢뀏츘덡蚐휛늠,0.9338357792962909,-2059905351,荱鱔䶬გ汳훒徎㕙ࢺ羱,⦏嶥챩⢾◠ꥫึၪꥩ㿻
one,童풵䕧逞ꔼ㥻헆뀱壳㇢,0.02810058446226016,2039578490,巒局ꎄ鍽穰렻숓檦Ʇ뫵,獾簰⬩劻朖ꔋ烷ి씽䝤
four,㪩ꋏ탛큁પ揸세Ⓢ捞课,0.7231022775305773,1172434011,ꃬ砟㎏㱋溊橣馢윛뽏䮡,濛岗畼퇅䙃࠼槮毒ꉆ찉
two,⡝붫魠ᕓ잹ꃧ䯴킊薵땕,0.6308653421000981,1518409060,곬₃㎽ꛋ햢၎誃࿥꡴⡖,ꏱ镏榡簥뻚鷮䴖ꉍ闗针
four,냺焀陙嶡꩗ὑ齫ዩ砱᛿,0.6333009067088314,717527359,䒕봎✴튰슉Ṏ狄Ӈэ℥,䊊⤓偲柭Ǵ舴鮲柒硽놅
four,ᶪ뒚Ϲ箒↑랳䮶፨䝒괛,0.8929555460521243,666249195,裼䔠鱨濥⋩䧢嫀嘭崼⏬,佬淃暷勳&藉舸칐뺐쫲
four,ꩃ뙹౼譠쭻貇呞躥跢橐,0.9786339329527625,1613410586,ộ痭臀⣬惲潀ⰻ꜏舨窷,●쾮䋔벑㟸㙟딩㡍퀏卑
two,齾ខ誫祵昧금컆뛖Є劅,0.08656620001975734,-1239075574,楇쓜Ꙥ쭧캆䩂⋉꥕堞離,呒⹬䏪╉ᜀ䘵鮳༛㽒誑
one,ô譈蕁鷯쓟섬೨ꈝຠ靉,0.12142339710506911,853183439,礭麟姼䐓⻑촫誴춚췒떔,ć䚊瓤라㖧㣉툉昴⚉༸
two,將絋卜ࢄ젔幟뇧ꐯ劸Ḍ,0.6136208902364313,1387998830,쨦껊圂餻◻᪷碇䫋圗乵,ᗝ魷㝲崊䫓盘ଠ⽰⇯貁
three,씘솿▏ꉱ淼ꂸ雨뾂㌉蠂,0.16999716880862992,1632654912,陥㮃룀臞낊㏡둘蓮蟋㐆,颛줏ᕦ仗֡῜喛툙薊൸
three,벖꽷䗺꺃磍싛৽龺礒ャ,0.06324838525539,247657063,ꠄꅣ蟓ා硌쿛넼玒聙⧂,춌横꜕⫧⎧䛨寨镲唢䜷
three,狍璮咔똌ධ䄚ꢥ句杠㇖,0.9102228728544226,1358811239,ᮁ뛐͈㼌澨⹟癩笉㥚ꊾ,볒ێ뮋峏௶㰢恦ꊗ㦶⏖
four,▐樤뾿뉪쒻ꀑ浪踂帠絅,0.7761801017664764,-170511333,駞뼼풎ឨ举⺸ߊ픏頬⛺,붎Җ焨ᅫ仒㿭᪵燲Ҽ폳
one,쁑삢뼗뇡뗰⦴爋䲌厾钦,0.8081487870542831,2071776420,贫堾዆찚圕躑೾ꋀዪ龕,廵᎝缞镛颬뺤쪇␇罁헡
three,ⱡị☇楞蝆⻧Ꮥ⾰厐裍,0.9742775899599428,-833698051,㤈䶸⋁欩嗍务࿉췮샨塓,䇭꺕㴗쎒枴芳鶓桠瑔볦
three,ြ팕猓⣑䱆侀⤠᤬ꟴ륂,0.21850120888316305,-1353808808,錠첀蹽愑薉ᤢ⿅飛믚䲘,㔕ֆ⋇箃训첕쌨㛢諏첉
three,얡塟Ȃ粤㲻腗⫄鵗嚔ȋ,0.41692278443108366,-396590723,虛斬⥵理硤烁ຢᙈ푇ʴ,Ǎ쪊轸止율鳔뾣녦愶遽
three,剼ꬳ첢馋眬튕啥鈥쎒ㇼ,0.3549190876381786,272831922,㒟䑾⮃䜽Ǻ溮衿녖찬솃,ꯣ稪쩴㵯묄ꚨ繈க黸젞
four,ᑟⵟ名싐靰ᚈ먧欜嬔켏,0.46057249722952354,-737727745,ᇹ泗ϙꗥǤ筅潯㝑⦷ᵖ,㔏䙣ᓵច輚迌〄妡囗仕
four,帻ᶨᾡ訓쑹杜駳ꛊ袀ᰦ,0.9792236341346754,-1975927096,ਮꚼ麫視議䓕ၧ䮼ꂅ笖,♳∦褪꥗ᱚغ귞ၡᘂ輏
one,叡圽뛗ꃙ䫜慯됭墖迾雉,0.37515450023759433,-1967445743,朚粬랾窬஥旛糓㲂憂쒧,֟쑨谵蟰㫄ꦈ⠤챽㔈↪
one,૮혆䠰髃ⵞ抻筋橱࿁꿭,0.7082929344096787,-422336022,ի੶鱶앦錣ꔶ宄蹳挽ꖸ,펲訠퓷潈◟탏ሽ꫘퐘㰏
two,⁋䙰䩨蓉돯༭掶퀷椯뙓,0.6910451098272556,-1865752617,뮈ꣵ渻絧渢礕럇ಎ㞘䲹,胁끲轷鷾资䑋煘瀵㋰凕
three,₊㝢᪐㮰霳媅큳᷃輪쯺,0.8309362499759313,1093689138,묱컧댣籄麸՜뿒어ŋ⠕,差쯴뫺豿䈁㕽ㅷ먩郴빴
four,応䄍녥뫁絘鯭꡻孬ɠ셦,0.17112727070161793,-439486006,絖觶痛馲ꅈ泰답퀣깬䴔,㭐ᕯ笝冯艧⪈ꪅ錎薊᠌
four,䔐譴즪胮캔옩莽夺땵홎,0.2893574123775712,-753127586,誑횼茀墘鄿ᙄ閬霤௼ᒯ,줳웗㐟߹뵠蜠ꨛ蒛鍔埮
three,浙꒙콿찂装௥啵눑Ꟛ쀲,0.01001526433338329,-751105375,ϋ͟痖릸錓且जᢌ⥞픪,헟ꇺㄳ涉頤눫顜⽭ꔔ炍
three,퀘ڊ骑ꝅ胚㨾楖箟앫ᴂ,0.17931019303777374,1249782753,휕첛꧅䡱䏋狓㜯瘟㡻⑶,똮多幾䄊㡫햴䔃ᨷ愓肒
two,ᬍ캬ꌨヱꪁ냣횗멘虴뮯,0.921206385355588,104808847,鱌퇜槜윟랎ḏ疒켈帻둸,蠆猕왉蓣洢⪻❨佼邲쥶
one,碲㮐ꪤ㝣⦲⾄贞ൂ韋ꖆ,0.6319473163468188,227311671,⒲椬즋꟣澯邺ꄝ鿹Ⅾ䙘,봴愞댳⡯⇒㯢ꕆ•챓ꏁ
three,埂畺掭晪簏ⳉ鐯ꕖ屉㈷,0.5750627671889225,401809070,奈乩鈝夑ꯟ㟄䯅訃쐴独,㼾䏁┨ຏυ往阶㻊辏륞
one,琄ꍬ抅୫⊏檍೮᧕ဂ⍛,0.08384760123099089,899367033,ⳗ쓵꿰➔ᕎꊋभ閺ꏒ䈵,෿ܤࢰ㭇꼜ଙቛ鴪쳖翞
four,坨๳뜽ꑽɅ莯嫱ᗾ㻄ॄ,0.16664669500545382,484073403,뛽慲㪃똊坬䄁譒壌橋籯,୵㨼䭞ࡖ⩚뻗瓝㪑芨罽
four,ʶ䆢⸟撾䥢㞑♶᷸켣좯,0.7480904564249284,209387825,쥉棴큞鵑꜊⿡쮝఻䍺權,鞡ᙴ髄Ϝ헠䃒䉅踵长惲
four,㵑笳ꉽ陗府味㓓̿ᒓ훨,0.8211629615647971,-446654462,⥄稹鎛ⵂᴴ䨟蚴즵ꇱ醩,逪㛘銭鶤렮턲圡훇磭閝
four,禽䲳亪纲馳⼠䛓澩凖횄,0.049980270612312805,-1936602002,顔䙍ॹ쑘롾쐛ˤ꠷蝛맜,西慟ሗᩎ覷᥅झ昍ົꀦ
one,ヴꒈ贕茶௜㣐缵൒嗱뎭,0.762859364645399,-738515045,㥂嵒簁䱷峨쇮佒㻟鎾‟,᏾䈶㔪ഛ❔庩獎嫞䢬뤂
three,肘ᘨ衭뎏棉ᰙ翯ᒧǡ岌,0.07067479656239528,-1453176806,஫첯퍙骷뛭杍౽籖⏩鼬,䖯鄾圖嶃釰ⱬ섹眼쥈⾵
three,兛鰎썬붍㱇莾൷녙נ펹,0.18558446198694545,369395159,䚌괍卋舧⠳퀳㧍멖ᭋ缹,龙樆绫㓆䃏쨨腝鎽᥈ⱏ
one,ᇳ힅›蕩⤌靥㊵듣髈澃,0.7882370911810594,-229498485,ভ稘핔抗教竮ÿ韚኎ᯊ,勇氊轛鐬딦嵱肻툈僑五
four,梂鰰샓⮛஢缧絔䦰⠯甈,0.15280846600901854,1501827828,봴鳣زৄ!햚䂅䬮ㆈઓ,熼澀帨杀데꾺႐먹⑅浫
one,☟밴쏌끽਴〺弳᚝ᩚ䊋,0.4593299651687103,-1116597673,⾥흧먵挖檶㪓ⴵ敱㠏綫,宝⼧ஜꬎ₏ಷ㋦鐼쉌།
two,㒚啒쭵젢ᒾ밎⼜콶匙蝰,0.532910725837387,-148314857,㇨ၡᐡ㋑䭗滍䩲܊젅름,᷺㻀⠩숆\簸๒伣ꁧ㢡
three,훙㝦른싩ꭤ襫쉑흕퓔쭟,0.6398512450856266,1359942252,㱻⾮斳䎕䛽쯈愐䦅烁ⓦ,焛騴껄盛⒍浿Й꟠㘭蟼
four,䏃瑦ꆢ役ᦕ⡏뉂ဗ晑楈,0.43118344810843434,-737852293,꼲봆姐혌鴮涷轋꿰ꇢ蹍,뼰纝琑᳑矚芵抨錃쨓⃺
one,钰䪳譟䀔顪蠀㝵ⷵ핆죜,0.5963357084498009,707627871,篩캂ꓼ阚犀铻죾蕘ꝯ栗,쵴딤跮춽攊㮎ഋ鍼ę⊠
three,䥭冣鱿᱄ጒ먗닏소噂䮩,0.1306798437142742,-850146587,ͼ㎪藺ᕤ揄탻寀꛼ᔽ㊪,㬱魕ম⬻潱ꋋ毇厫쭌茙
three,쟷葕훩ꅡ䓌Ɀԅ㰝̲汊,0.6621244249405189,1224515844,㡵첢踔孌⟣䧪䱈蔝䪡렖,㑎꜖獢큙⓯䟻退믇᡽踠
three,奕ষ뽤덾튻䔵ᢘᩛክ졄,0.595252712423661,1493064283,굓܏蹧你॓뗸脯뭭⦨⊚,貂廀➻姙哭锠ꉔ쬘塬ꇋ
four,壠ꌑ根熋相Ṳ셭鷖厏詙,0.09644045542694446,1947263806,鷤偤匥␄娧᪜彚⦉稡猍,ɍ셣ࠢ籆料岨។䬸魛嚪
two,켈搂硙鮽ė境ꢡ뿗욊㐮,0.8435195135774958,-1560125675,轵ꢝ࿁䇩樽蝡⸎䳖摼탓,ܥ僑툙৘䉼ོ冘헠ㄾ춙
four,퐖藐脢掐츺屉朌牎뿜㮢,0.3170592726100986,1426783512,辈⽘룰㡖埪폶శ籔輅꾧,ᇾ솫詼䛅≍ⅇ㖾䈿즹쓜
one,ᢏ閴⚥㞼洀颟淺␏촧뺗,0.27381017125831764,23400627,嬙厶ߞ轶横玠渃꟦嘸萼,癬´쿯쌀䏨⬲㘘覛汍䭇
three,䱖蜻抁⪨焅镵㞖ᱚ훲杅,0.8077935388595997,-1367853804,ꮩ઱䯌҄䠔뇞甈簞殜⸔,謶Ვё뙏ꮵ똪঑ꆥ㥈䡀
two,윃꽀슞覙⻕ꫲ꘭瓃⺬简,0.4372876597117116,1098229424,얝㣨垚樵璮̅㲈录ꗐⰺ,䠊竡ブ⬕⤾뼒ᬲ䜄᝛낵
two,ल撿渍ਦ橲샮ᅉ忝뫳ῶ,0.3132180355087122,1215812290,斆흧䴫喊덛⬁꫑産⣢น,撤澲㑩㬀෮ꚳ韴乮眏㝇
three,㯁ʠ臘ঁ䙃᧛䉑卑襇㟲,0.027385119412459358,1759163413,ି宬ꘌꡜ럦隗챓쾃㼇ꑏ,㿂믷臮┨䀌鬝㺁ͪ摱撯
one,䆹氒횹ꤩ䪃쁉尩ꇋ础㘫,0.09076429166810174,2034351508,⏐鉋䤆❺珊砳ꫧ댟蝶냦,뻜ꮼ鄫날䆒ᯰ㷿淠軯䦞
one,췺Ꞷ׸擑ꔓ船剱꿉ǔЅ,0.5146110485095736,-694477199,೬麓җ哐唚㵑롩끍飏垰,塿鯎鱽တ亓럔⚐崌㩯芶
three,涞뷟闶倅㐈뫠ꍰ糴礽䩎,0.4134595598675693,-581965585,呛⛒ꗃୱ놾鎣鑪౨殨셗,걷숩좧邑嵯뗘⋤䍹櫏ヷ
three,둃툖횫នꕧ陽쓚咊슴됈,0.020893527146081725,-1153801208,헉錕対㟽屦鏑᪫䑿갠훎,㎅齪닿쏝厨ၸ妒溹䬞족
one,謢蝕릕輭塟湩캧㑁市ꘌ,0.32724249381440573,971334021,腫镊ࡖऺ똻뭥챨䚹䵇좁,듐ⱝ䨞뺊衷饗⿃ⱌg횅
three,쮰꜖군ụ䣧蟰돝鿉↋䦩,0.639347742663941,375072074,னŦ꫘ࠟ甬갓伧큊휴肃,⫄耚都뱤ⴵ뿌鲍瀀ꮥ嫱
four,ཊ僞拚勝쪕ꟂᲣ䞄环鵥,0.9401527035785378,154865634,᠅蛆鍪ᒷ⎣꺿駋∟똪퀘,⢴齆弱嚆ꆱ⮜ퟂ⅗ꪖಿ
four,鑳頷本࿴♉뉀ࣅည幑鶯,0.4841662048363372,1936336263,縁귴䀣ఒ낿섾Ӕ殃젫옱,ꠥг灨ꨜ秙䉠緞쑅▌⾮
one,듶᫄뼐롕텓䶃ݵ곝쮁廚,0.5350842314969184,-1963228092,蛳곀䢼디汳짿ᓪ᧫쬃幃,几褝恨缇魎臎ఖ቉夬綗
four,ട䳡횚韤㱋㦘ꐄெᬊ瑕,0.6498819989780232,-1730726176,電墬᭻䚀슺빖휧ᝂ視럯,㥋鯢뫙ᑑ溆๖ㅺ붻솬逇
two,ᑙ䨌彅읊죀㘹푹祟扣冗,0.28465929842904836,-1288937553,밊쥏ᄯ݊䕦퀑៰蠒쉤လ,㤻曣ಚ⟆맩輨ꍻ瞥냼樍
two,㈴릚闐꿺⃭વꈭ뼣⛁겳,0.8962978507965725,362333568,ᖎዻ鳜戠Ⴍ䄣㫵扞釂ȝ,숯鈄⯟䂸렀૯ꑶ愾庒훷
two,퓸㪭럛ᓝ濻ؙ㞓⌑煬룑,0.7406876672451546,376254015,珖ꔞ┴촬䡱敯텊Ỽ攡ᆮ,뺏ꥊ䱬詟⽯ߥ䰺䏃♹諞
four,컳⹇避ĝꗨ襸ਟ霮犞⡻,0.009792565580932,-765331958,蚗瘟ރ臙⫴葩Ȭ뙇㣗ৗ,輌⦾倌Ẽൖ붍䳘쉤苞ց
one,류䴀䲲鰞慣ꛚ凨즇ኂᑏ,0.959325383104387,835765952,쮒䀫犌搰Ϊ럛嫌ꩴ䏾❄,ᷣ䵭Ⴭᣈ湮谼ӕ摓襓墲
one,젧䦿蒭摧俏兛疴㱧坭ⷮ,0.2565181359204246,2119338837,꣹䋧㙾뜮ᰈ㸩椃᝽䕜煺,仗㲴虂榭螵̺먇慍鑓兎
two,컷䌤㚌⚰宍㸊Ƚ蕷㎁蕐,0.6972541633347981,-1345879173,桽홏僌馾⮴킋飀宖ꆪ올,鵛區섚勹匚䈦⇚ᙾ꩔ᥞ
two,꣚凙鄡䫲셕爸萢⭖ꙏҒ,0.2993186278787916,1161496407,믒먿楰慑ঐ雜祝콮푸Ⓑ,㊸熠뉀煋オ⿎孍벌낃剄
three,↔鈼雹ꀤ纮ꘓ業࿎뽤㉿,0.6179141933469372,-1344935853,줧倾誹⼔쓑틟嚬ꌢ괥ᄰ,ꛐ饯ධ㟢岞쥝䭊採亲䔿
three,㾢흸ӝ춈僖駞胝쥝뀳≘,0.1372940416217081,-686376098,딶묛댻횲隚⡁墑쎩态篢,깿碠鈲븣뺔䉼୼뾱ॆ䨔
two,뜧珏ᡲ靛洲婄⥗앣숶⎆,0.6271092825991046,-1922266608,ળ⋮槹ī怣加즩춅볇뮽,㻊昑蝺蒮⤋먟䂴폪쎃艃
two,큗髧쌡䮁㥛˽鴨٩躏ᮍ,0.6121803244563947,2019081093,쁍ŧ⯟疜먨뿤∍퇈⿮氭,慎⠖糘읆阚ٱ卧褃㫅擶
three,᎕ኈ劽稲龄㦜垵ꩠ磚૑,0.014360450091342014,811813625,䶃鍷犺咪斀示쭔䃮䋰镉,褽댵녨➙통ꕧЏ藂㺔᪻
four,䨘Ƛᝉ砄顰뭼㛷㕫⵹㦔,0.4546307270886901,-531109531,ꦅ喏쐫乫젪덧퐘繪Ⱋ挏,셜㡔芻旁㈐뀔冊◢乂歫
four,헝ㅬ≵ꨚ牬ڌ묆‥軁堎,0.9135298209321562,-258260824,莅殅ⶦ찺摬ㅀᘠ승᠁欪,ꧤᨯዏⱕ꿪짞覲꘴孯켱
one,鼮ቺ⮜镅૮튈叒튄㈒썙,0.6896932961097382,-775321078,紱璱繫虜谡䃊股쀳焓緬,ݩ෢嶁늱縛蕥↉褚⩡⭛
four,씾᭜蓦郠쒾⩠⮊ᮬ޿ꖓ,0.0699201182287138,1935660825,֟臿凧䦉쀤⪀옭怏ㆀ鶙,륺᭩ꗬɈᨫ揪鱩齛礏ୂ
one,薈䠽⺁⅑㈎튶㩱┳槥Ⴇ,0.0360454385957194,135338793,ᷦ衻珨늑휵⥅曲ퟲ氈댛,પ頃豪폩턄࿎ꕦ孱ਓ♥
three,㼻㹬騱䠹䫶ꩠ⁃熡嗹⦄,0.07084243619170882,1703478532,ᒿ㈈仯Ć㗄⯶䡸ꛝ浦凇,ᡈ呈曗ꃙ猊呙謫導㲔ꈲ
one,厸뤲宂綳줫᳡馈⤌ಀ㻞,0.09775011181109405,-1367909489,얹藽蔬꟟䙞鄗풗粆挱∎,곉ȋ뷳潢匪䢎傏周䁗ꕎ
one,덗Ǭḽ⤯䉼触觨ஞ䧪롤,0.0752355361881969,1717413228,趭撌鍥뛂α₭ᘍ좏翪䎵,ꗙ퇉菹㓺滿㦼厫畍믏掸
four,䏢셻ڨ鹮廪캾샆枷촉ꪆ,0.1184474140739753,-1285965092,쑺票͏뀆핃濨冥椄Ụᘪ,殤䶲䬯턿実ڦ਋䱇鴑锝
three,ꕒ鐸ㅥ㒒⾳y웗욪ႋʹ,0.8811301752905977,101075575,䠺곉挺奭싵坯麝躞苤춼,炁袔뜥鬚컾뢉ᎌ诅ペ張
three,캣좉鑃虐鹞쬇⑜ῆ䝹㘔,0.632123667732296,-195648400,㫃뤢噷ቍ둛衟㔱绠壡㪓,퇋礔䚽診嗶ꍴᑷט샟컩
four,넌࢖뾨拤仿壙쬴隓὾ᚹ,0.5665310453361243,608574847,啢ㆥ㒮啍헌뙶랫⧏䐛ퟫ,螥蕍蒢̿ꂒ愸隌鸛ꍆ⡝
four,ฦ涄㫗磢࣌⅐ᩦ⎻ꝴ垧,0.8661642643714365,950163877,廜酖똍濨讧鹘秹瞃ꏥ㧶,⣌鈕⬛盝첄뭮岍ȶ米⽴
two,⣮๰寞⒡鞝ᒯ咃鸒⛋킙,0.3017032980626312,-764895128,塜꓄↩턢඲ᑍ폘徂ӊ晳,덝⎛흡ᵐ죾鋧뉙ᠵ⽾熴
three,꥿뢆昁흊యⓊ氝ᙣ퐛䴴,0.4236807166295976,-414494914,䆁颖帉樜哙鵴ꁤ瓍葴䃨,ᰗ鹱폔욦贙㗭뿌㸅꧴䜳
three,ᴜഖ袩堣桇ܻ䜒恐雑얫,0.5840993210084121,-1021287372,橻ব일厺鼼ᠦ곋؄铸胄,鉬뗅ऄ퉜닟ꎻ킡⏾ᑼᇐ
three,㜧ᄸ剤Ô퐈졾Ղ먎핕䷆,0.8636126885892655,1199850014,ⳤ촻긋鼀䩓鄧觷ꍯ꣚菠,䘔쯫ᙯ嫚쌷噿蒗⏚儣㼾
one,⢚䐊堎鱀띑ᕯ弿薌结椕,0.6195612662805507,1169426644,型亞젺遢ꖫ鲚如঳㔅蜶,䀷蕪瓙㎝ꜭ紫ᶏ㘡畓穰
one,Ꚋ掩䛎ז䩿䩹摧㠏ݺ႒,0.9074765416458382,1011709757,謦⾅䖍๽䳨醖হ晄턫ऑ,떷兠䌣覇㆘ᶦ䖨⳶͍௱
four,蔅⢏훻艓ꫮ뱭㖌翑ꆂ檢,0.8464344327815418,1418467904,ᒠI驵ᶆᔋໟ辿尼㊚犩,ċ⋖搱創袒地➹穾࠘⬢
three,骉旄뒵ꩱ泦砽㷢딁䊶,0.30762037780584195,-498214185,㎘裫染䬻뤅탵鿭੊᪑,ሯ軴觞㊩뵅೤飂䮮臭
three,㜪춲᳟㧼ᠾ㘓ⱺ崟綘ц,0.3573931172516639,-1019371830,陼ꯠ㢞黈盭櫠➕࠲辜䝞,㦯疇䦀삣骁඀챻㺐ᶯ䜨
three,ꉍ鐇몶䊨䤴䤟莤ꔌ徬꓈,0.9183344409127145,1100477158,䷾篂㑉圀坿꼀弒蹴洤碻,쮺駳蟊返⾙箦ທ㓴쮕駇
four,擆屚ຌ驣㸏ڇ얺⵶㪮಼,0.8548123628051795,-1966445906,櫩湯ྠạ咍놔湹싸閧Ծ,贪姛㹒헺鏏뿭ꓳჿ謣멂
four,숙쿿ዥ윬㐉⊫㈏蕗䷹嵸,0.3011622282515831,-1665804079,觴퐞┇鞀ꇉក罨넼럀⹼,螦᫙ꥈ㬢Ᶎ폵톹萩ᣢ乊
one,鈃璕⇧䀔蔩ે씋就䠾㇊,0.6202333607967598,1564577005,⡮裧쥕ҟ䭬㣒뛙㠸⪼ꍦ,蕭榑ா弼㱁ⷣ옦坝붑༡
four,及ဤ꼄奌㽩柿覣憂祶嵯,0.6803968375923025,1978314341,疓诼쎷벍䱢濍㕩햡㌞좷,믔鹖㢑☍⢿硦⒛뱺ᄯ禌
three,訥ߑ堣엯좡㾙ힻଧ⦩ጾ,0.08081546323469913,1768909147,鎠఩톄዁歟㇎Ῑ뙈㚼佹,ࡠ猡밞΂畫솟䶤銒卑马
two,͠年넠⑅宜躓娙쬅雴ꁭ,0.23328321382105266,-1973468668,缒ꮿஆ㷑ಏ᨞৯쏺ꛦ䨲,ᦨ㖬質渗곢ዡ桙囥歂擲
three,❦㈸ⴲཛྷ솇ࢡዺ꘶鑾뗎,0.9127114566413965,-1121561610,뙃䓾✉둃窵ᖏ윙㊩緞캰,ퟀ粡널뷈肢押⠇螎鉾腢
four,贔駖룇啖䒈祅腦᢭䠎⧯,0.369266894659495,338351644,䕨麘돜칯不ᑰἤ倴졓蕃,Ḹ狹䅋ꄩ耝⇰쓬뭇딕眼
one,䥔෭䐝ቈ琮迖꤭햲榉뤽,0.18324248298573842,1175830904,✍㉭햜⧨⼓⮞鹇ꑣ걏터,衙鲙莇풏ຸ닮렒锸⢶፹
four,沬ࠀ嬝恚쮛뵐メ骬㾣ꌯ,0.7192370197798229,655900634,喙不趨㦹쑸벋㛢톂綷頸,⋋琢Ჺ⁅溥⢼洌氢㝜ࣨ
three,量〜窚䩌㸷莎ℸ쏂륀꺆,0.9539028495599743,-1486397137,佟犧읒筮鎔ꆿⲘ爘沟潈,Ⲹ☆ⷆ酩聗췹加㷝㹻࢓
four,熢੊卽䜂吏寭釖ᥚ䞟鹶,0.24274351973145258,-336932577,摃濑⇋ꤴ㗰㰠㝵๣鿷떸,♸쐞 剽牅쳹Ἤ鱪⬆ꅹ
four,䠶鱄슏漲鳎Ꚁ喱ふ띰‥,0.6510411895515853,581874700,심埒啥䅰纄쾆怶⬓ꈔ応,餣擢䠈먶噛ℛᾧ䗒᯿킠
one,㩆࿔둫趢ꄶ馓ኜ릍呌꺌,0.9703781657812117,-1979858510,䗝②⻪⺎派跢뀆鈕䨆垙,鶎毄脻Ⱊඃ곀⺈⵽샣蔬
three,罸㈘⮶䩀಴籞仟紳躒◁,0.6701096243027818,-1369377543,Ὗꖆ饀ߔ俸ჲ墧㦖♝ꌥ,霙皦ᣠ응䕯厅ꆏ餬⿦㳼
one,ꡎ嚌ꚦ鎽㑍㴟烉ɉ飃硨,0.059784137149305305,1520700342,᱓ሳ氋钦왅薚礸뉿税펨,졯䕯㡗뗛垠㒬㸗濥庻怋
four,⟨動鶥ᔅ킁䤙짯䴡ച漾,0.37534564253008873,407397999,熄ꛁ仍㐵䴐䅄晷叛홵悏,蜹敾囤Ⴔ㐋ˀ〩偈鶚酌
one,ᐥ뺔曍두旸ꯀ孢毼疛অ,0.7651024791899164,1676537694,틫앱释圞忉絷ࣁ喀粘뱒,ꥋ縗䍹戳獯毀ዺ壑筓玂
two,룺縗歯襢郅넥琁⡣弽폦,0.3554701195845238,678910279,犆吱늹臖盛Ὢ쬃똔數ⲧ,糾숭联觖抯ᨘ䕢⇪㒿鰝
one,綉㼮踼둤罤趒᧳탭긪칖,0.6372134400897471,1554813406,䗣䝿뱡ພ裇ⱃ棞樛슽⟎,ჳꀻ헸쨭芣퍶⁷䪱坼肛
four,貮島潷ࡇㅸ座ᆇ䋴坝黬,0.4163960785962598,509903055,㌌砇挌㢊Ᲊ駞ힲ㳍灐䐂,蔀۞裔ቸ껟軰仨듃ᑙꐡ
two,貕☐촀ꑷ쭔唯౅䂓擜ӿ,0.40013902691893055,-1594659931,递顣ྂ蟖蚻ⲠᲔ鑮큘松,퓈ᆾ㩔뷇⇅⮖栉ḡ♦⌗
two,ṥ뇁舾ꇽ쌙Ŧ褺噡饱哬,0.9561156892375476,1733519392,᝻鎸쪇봽糃٫믯ᖺᶊ螄,딎真㸠ᄄᆏ졻䎞籎瞫ⷒ
three,ᮝ왝끸깉쯧폰茎骹䨚ᘮ,0.9298285957244238,2016573896,ᶇ뱁沿䟰쎈⴯Ԧ蜮攡럨,㰼徉먆吤⢷繛鿥앷㊀堕
two,駴ꉅ鳺鈄ᴻط퍡뾚측Ꭷ,0.6500638183486606,-130474833,䕘鴿덐䃾뙽챺쀒淹暌䋚,粌ᓵ㇝鳔䎜ቇ굻膵ቚⶰ
four,埪믇铹㈦驧땡蜚迃컼⹄,0.11575426188941718,59991745,ᇵ宮鑄㙮G⨕됍ꊕ작ꙷ,퉥㸸⦇놲䳚疗⺏솭렾띙
one,჏饆⩆펲廤픺첞钣攨䨭,0.5556646430567631,2133746209,愶⅖漪熳뀷늘䎈ឍⅉ猢,交ᝳጷ暸吨딹ࠛᖝꑞ즩
one,䷕훾蜴Ⱖ㽝燜䯻麝Ĝ◸,0.9619344157366182,-1211687335,↶䒞ૻ㾽幊҅纄茣䐈瞼,푵蘥ࡨ⋢郒≙礦꧶ꏞ㸰
four,믠刉鹰⦥圩쐂趺뽇꓍㴏,0.053899971414471115,1987445603,ꆖ☡䎑c㌤磽ぎ睢ᐜ䫝,할Ӕ᪈ヲ얰駃돧兂攁੟
one,㒱疉쪱詯ὂ뭾墫ꬺ蚋䎴,0.5089371722970596,-1205305119,蔙驂짦㛤᧠⮩≳䝌ⱘ㋽,祠퐏豛⠸뱜즁袷ࢤ‸듑
four,䚹嶋癷蔽쪣䠕Ⰰಒ흽烜,0.41816242843321016,-1503193863,ؖꣲ㿎㵦ế廓ㅋ姆ꆐ嘨,蛓栄ꊶং䳠뻶珿鼚㺁鯕
four,횏꿤ၰ鈮ꮀ㪜譥묒貓糯,0.2869746754582584,88353192,뿯䑟놶䡎ᑹ䆰⌜㉕ᬱಱ,耗㞊軷껓㚮䁗Ꮽ湫睯聓
two,␷쪽՟఼궠ꥻ蔎㊞ɻꒆ,0.12407091450163577,-1989657450,ຆ죭뛉툶癸쇪і靚傥櫭,㾰ⷯ嬺ற遠堌⴯䌬≞ྸ
two,쬈ܠ喩朁№괔ꍿҤㄕ᫻,0.37539144601992835,-1380680535,叨ⶎ桉ᢎՉ훶춗岪뙜䷾,쟣ˋ䝂貓봮ꬾ᥶봕Ꟃ唨
one,፰㥎㏼턚猤戟税䉑䦲⏇,0.3791484525888512,1457148396,湏뛑䬍컝㺩绛럭⣦ሙ全,㗛Ꮡ⾗瑂ꝩ넢⬯ᢪ롷ᔼ
one,햄띮䘭긂싪뭡誠㏀蒙뼷,0.4068087678602863,-116101245,㔃뢃⺄ᧂ㬲焞Ჹ맷㠃荫,ห㿣㊄⮑糛卥㲻쿺㋒韙
four,ᙷ騡췞룆퀕瑁펤苠썰돓,0.3022398690734489,-728372028,솄휍ᴰ띖䍣ꩧ́푘㥭당,䍏᷾⼼䭼扻嬔瞔䄇壴䩵
four,麆辠閽条㺑뵸腰ꪐ縡㑘,0.25416932880742305,2027078062,狄ꋡᓠꧢ풙孏٤ⓑ⎶唇,嘪熯ໄ⁢벺痿叀᪌옚㲫
two,皎ض῵瓺ꪭ곷鬖੘⯥뙙,0.9663492876508316,-474434480,㼂⪰逆땓涀痚썶ؤㄱ䬒,ૐ䭓䊈系懖㱰듎쉅͇뿢
four,덨庙ꂅ梟慒׮笕㤩퉥蔑,0.7433155281625345,-1658152982,붖〲퉷ꡭ䔨껱ꋐ䒐鎋힯,檤끵शพ㿈鵠靾녍緣េ
three,齘杲ꞹ㋥渡䡱壕朁䃰Ꭴ,0.33539825356738184,-1842576448,둛僷괒⫆思댩鱏塩푾堗,᪭ᕞ嫐䩅擁ਗ憶⌟☹㸧
three,퉛݆踻䷲袘짫尮쏴睖㡿,0.6880388937081721,-1531597062,뮋뽑蓈킦侍橂廂䫎啃堖,⛥⺅쾘똗꓆᫇鎵ܒ荈땠
two,及磍ၡ篕䄐앢䣲妧힓呫,0.378569370252718,668186643,╥豪쀓鄟셡ꀃߝ쥪䲠쿭,凮꠺荱բ랠ᥘ⢅샎똾甶
three,脒䆼㙈銈ڕ惞⹟⾥锉딗,0.3223887334544653,-1238394478,릹焴鹮蝎앖笕ꓣᭀㆽ,鍁꟦걋땤␠俪琙ōõ楓
three,⧜葬綷ᕟ柵㗼圞윺벀옖,0.19184674859126816,-1713685713,鮒ꟁꋳ告ୢᖮ뢒烖䧠咚,瑷ࣟ⬫पق烹窛韺媴丹
three,Ӵ㿌⿹㪑╤텖剓ੲى궳,0.8581847115498451,-1655128690,䳙猽䁺蜾䇿䓽⨶혪猋껟,鞛㪙断ⱓ鴲ᮾ㘎属ꙡ傊
two,矦⻳ᴼ⛫㾩菵ɞⷣ㺹䘯,0.3546696358060546,1234968627,캏థ侬㿲치萈㎰絽㍫플,懣ᒨ掮셾蠋ꆄꍍ抁㨂ཽ
two,慞댜ᅵ腥Ⱉ叴瑵ꇅ᫚쮺,0.30402224429583957,-525138844,㓼㛂拣橂Ǫꇘ礖眍ۻ萮,ᵋ畱觬䉵ꤟ뿂ẍႿ榽眔
two,庳挿學㑸⑿䀣恋⒂㞤䜛,0.5129704670158571,1274275083,蹾䳲쓷醀㹼芹뒅쉵꜀杔,鋁쪶풃䶉儴烷˼蛷ꮝ᧐
two,馗⟞狌陋佦挤㉘梠鲄㸶,0.8035996300363161,-850300197,긇眞㔈瓑࿿⒪줚ꚓ뫕❂,㦵霠㢢㔀䗈婸䫹ꤥ홢鎗
one,烜솫ꈰ⃒턝쿝ꬤ岞蜑뛀,0.024095301919715983,1397468484,䘋℞䞊鸬뭗濵ꑪꟅ쯭幃,ᛞ䅨屧ၶꂅ嚞詜Ʌ⮾〖
one,鈱ᤥ乼ṵ雵翋坧迥嫥㳜,0.872064627610795,862395388,쾩죘꘍⚁亐⩄퇣댸묀⼂,嫧⩸촕ꁼ죍䰞㽧ꨎ͋힒
three,ؕᏻ깥鐐几࿙虠羭灈䐳,0.5931485574998369,-152303071,냵旤푣쵺ዡ㝉뎅菭ᙠ爮,括伴张▒ɪખ爒众辅঺
two,淫㢐᫃⧟辏埯㍤⴯僤ᨼ,0.8935330090146547,552149832,쾓ⰽ抠濐ꋰ㘙뵓剾䛯鑯,蹼窾㵓鱷惠鞽쎹거峫迋
four,ℕ톛棗ࠌ怖ⓗ族檵䞚閜,0.04623471573852067,-2030820370,묨૆᭒픪졫㰣檺䂜ḑ↸,适牒ᣗ槡횚둋섳᥅怌첲
three,䃑䶑蹔쪯ࠦ眒噌榠鈼롟,0.7833566307530694,582140458,౧춘퓮턜饢ㅕ㈎讷㏋䃽,짘姵쪼ꨰ௜婓舎涆忘说
three,Ⰵ専傦躦뼌꟱ネ㈦뎓ሥ,0.5490834714354805,177756307,┱匑ុ딪뭀蜚ᜟ붰ׄ죉,䳙ꥉ㭶ꄒ钑㚣쐡哃좶뭶
one,꣓픸䶕計玱ⷆ穏憽乮逘,0.5856187836220362,-546732881,涌ᤪ餌欬瞩뾌歝ᕠ鑆掋,뮕绞풭쾙砧쯴䄄㖡ᘉ䌮
three,ꃁ삍☽駤灛䮙劍놌骂鯏,0.717960465121908,-412245140,嘉㠣趱獠䇗呕啹╏푈᏷,洦呍䦵쀉㓻滏⊕闒쭅檊
four,酑巖횭䯔♺裳濝ऎ⬗㤑,0.0683474875033191,354627956,毜ȸ䌨३൫韅꽱禯쏷ፊ,祱㿗跥㠃゗噆佐銫⦃竊
three,逊슴໅睛脯ᡔ䰥혂욶䙃,0.6650308373340637,297558615,볦฀閥祍驔అ損垸櫸偔,싨栎ퟀ⠽聢稰ꅽ繭읲ꦰ
three,㏴峜穕㺗ꢛ藵뢀롻ʽ赯,0.7728144796997328,-1295642401,᭻氊盇摚৬ѭ᝜ᗶᛳ䣕,浿漃軚햀䈗ᇀ嫪꠨绺䶔
one,꧶ꀁ혇㮫쵆홹幉栈ْ㭱,0.2570253551633679,1751010318,嶥螄㫀닞팪柍ៗ뇙Ṙ㞈,塑䍾顎䃔䐶⋜꧈璬敱卭
three,㺭㇦싀ᫌ㖚閾鬃齏딱堌,0.9739187412406171,1938261906,⵸頉閮둵ꬑ慠ꪐڈ㧆䅕,驸믨գ툘妵㇈뼬솕༕꺹
four,됸뙰∸⹂倬⭹菃⊑뤭ꗁ,0.8818555804373196,-137843786,菽፮噙ㆣ柘꽍肓᩾㮉䁙,᳆懆ᡋ⇉훷迒ꭢ彧⇦᭜
four,颖붔汉蓆‖ร⨘ႈ핁೼,0.19904002547647603,-989054948,ᖔ곩㚂븇⪆ꁩೂ驥묈ਐ,頸鵮鏜ⲍᢧ犷⇨⛲裬犱
three,䑗㝚툧詮ι薠毭瀠ᐕ奁,0.153555390951713,-1730857544,卹⫾䂗犂䴠顾锛䈝릇㤜,簙ꋕ꽢퀍蹓醙ࡗ㽠뉙▕
four,ꧢ꩚튢ꪸ鹕兩쾢莰쎜麩,0.24402709841158965,46145520,୶肃殪臋䞠ɿ⍩㢆붰Ͽ,朚쌲ꊨ秺胣鑦伋괯斟䨏
two,듒璾ᅷ栠釈⥡늽黭똌Ⓩ,0.0355361022395142,-1780414001,絕诖伌㿫항춖᠖쇕ⵅ愷,먦曙᫾ᔲ돚辭롛塡詵♝
one,⳯䳩䅴Ἃ嗥餧襈뜇ꄼ褖,0.5064132179021986,306471834,뉼庐༁ꃖ喜쟭䇟鄸☆㶁,縍雳做ప䝨ퟗ滂ಇ火䬘
three,痢㖂럢솪硱燞瑃瘼吞㏁,0.32270268413772296,1697822305,ꠀ⮕⼹혩妗㩼鈶齑⌁瘶,ᝧ뱏᪅䅝孩ꭐ䧂猵↍춏
two,왻뛔簴䵒逛ꈮ蜕鋎弚퀝,0.24491077670226358,9158192,ڏ⤤腹ꚭ僰볨掛ඝ넍⑛,斓鑢틖뉄衢⦉됊椅뚱옭
two,赂珝盤죡鼭᎞芥柋௥傞,0.7446828057857434,-544911087,⫫榼쩥牿퟼娄젾ý㜌陑,毭∧賯゠쑤덇倨얘檞버
one,僚雄校癋晗뮇蕉Ȟ䀤◰,0.46623610218464895,1823328262,뷺卡㧊⦉暴蹷튩䑗ᨨ☸,꬛ᗙ㊷놬㿘ힼꅼ㙌ょ醚
three,讋룼ễ눂暉靺蒚㡐핤䏍,0.7885913223466992,-1101530988,뜄≏뾼⧌嗐ড繞ゲ져꧌,瞻ࠧ䝑ҿ脐┮悏Ⴓ䯓璱
four,ቐ哭㕬婟湆匥펶뭈巯≅,0.25898669328446067,-807630683,沸グ଍ླ⧝࿡㼛됿䰧궈,ꂄ頂扛탁ࣆ譖⦟⦻脲걯
one,皵랋騽홮櫛⠴㋚Ớꙹુ,0.7968331175173116,1282823108,긺䔹联㻍ㄈ娤婙썟冸圦,啿㑖竭졻轇횝篤귾휩뇇
three,`둺䨩뚧씒ꥳ뮤땩叻讧,0.8413950971849544,947849214,鸾碊导漷⎧븓ᮙ嚟똮۞,뗢逴匃묈啛諩㛞ఽꊉ⮡
three,솕籿거᣸꽥㇑듟Ⓩ䱡剚,0.7830093624201373,-1923620366,␬璔외롌풑괨澇●쳪̋,݂ᚇ澮圵ᆱ庺㐎诓茠誾
one,姡漊᜙ᤆᔁ虤䁚姇瓇卺,0.49519805311403275,-58797351,≨垈⮘喹휎ꞷએ绻ȡ龕,闇侥齀看㔾븡勹̚貴搌
three,Ķ櫋⹞致玐蹬톏鐶欈鲂,0.4897301202857096,1253126272,罩䂍ꭼ惣睐䋸裇릔쳑橓,艸覯귣ꓴ実貶챪ᆏ빅৾
four,㰝〱߄ᴗ杇䬘꫒⹢E굉,0.1295944522305067,-1818909037,㫻泐♆৖꘷꼨늓烗㪅,䞢샐낳杁㦲뛉䏓魝똩玬
two,陱崬퐖䚖㗤䮲恾䈤啓⃃,0.4518709312326349,1545816495,䳓诶唴雽㺰ᕥ돃Ụ湐碶,蹃稴횁䧦ퟝꨵ⚘쬿璔曀
one,궏䀄蘵Ỵ瞊믊㲿牶뻚형,0.9934557402812116,18593800,㨊噡쐲좞疺䃵ᗰ瓧뺜෣,窆扪뒔钾칰쐙⻇ׂ揕໧
four,蟾㛇ݥ᧫箿ꩣḀ懅픇늋,0.6464876289816797,-1734676300,▒腳鉺⇕棫胈⫛魏뗲䵀,㴫織櫳⦤⢥ꇾ⓫뒎ꋍ迾
two,䎮耵ࠐ鑍瓻녇ᩓⷖ䣯輴,0.14485150141225278,1958627790,Ξ㕷덮ᧇ늅䁰㺢靀輄ᖓ,☿됃䨪삀㯁퀑⁘诗忔胚
four,⓷ᑪ㺻㇑鼊탵ࠝ烗逘튥,0.8282922426809178,-2065006831,槧쐳볻ใ涍䇏᪡跂젗ꚛ,ℤ蹊雓㙓頏뜨떔깜婬۶
two,嶓橭렯㡉줬㑓曫ꉧ톙魦,0.6369487062670368,-2048817757,簉萭Ꭴ꽵ꈚ铮벞╊諊Ჿ,抍쥜㝾願䠦쏌亅苀⵷퇣
two,ˇ傐⯝腏씖濘䊡쇅ⵉ툓,0.9424893261938998,1689679649,ŖᄢێⓀ芸䥮喔⁵難岊,う舤姘冖斯쓄錔倷옾턑
three,㕳嵥⃟㶱✻뭡쭈⫫䳙〽,0.008939255642060107,1300221224,ζᘵ隠⽶⦜㮎궅硨编溝,专갆贪Ừ澔걠셚蓛곴릕
three,ಧ޴衠璛允㺳虊삱돜쐇,0.3531958651128768,-1959911436,ኯ휞笍ⅇ᳎쓎틭펳ퟩ萀,헑ᠧ럸䴺囿䰟䱦맱ື䡫
four,㪸ᭂṴ簺汊泐믚䭜扊랒,0.9284819682310328,-1050937905,姵Ὢ꼝尨⹵搥몹ฯ姵롱,붫搷ℿ邡랫貲凓풷숼펟
two,쥃瘜㗡곌澧⚛⊚耺줘㌡,0.7570654569808889,-176243107,걓嶋媁ǫ讲팝儢汸鱂Ĝ,徕溲胜뜟ꉔᘳជ눠ꇨ垏
two,ᔸ睏临ᨡ⥚螿炽碠࿿䒲,0.6449699867760557,-527227888,炚㌅尾칲鍑籄踋唥ຢ䞹,켡⦸û㬴㜰囫笖ṵ✿엦
two,᫓쌖Σ䛱부ר쉉鸜䓡먤,0.0026779207872371646,2058960712,䶜鍱ꫭ孠Ĵ묯爷శ䋀켺,篃뤜翵뤟籜䇋瘮ࡑ诊㽲
two,㸢礭펌䆯難줶ࢬ씆鈪✀,0.035633449254762084,1078344163,味쮠색拝烬౫므⠕ᩀ,杗ƕ渨ᱽ梟䄤⠜⍀踷诃
four,踔脍怎١㎖●臾⦜䍈휧,0.9944352793321312,1765762897,瘊絹뱪詮右⇹셕⽙ꗀ捸,꧇捀띱白룘๛좃ⷢ퓀⾆
one,䆂嵋㌓݌醻Ꮠ섬쪅꘣易,0.2920712261537417,1316097130,띙⤅㺲ᙨࠛ꼼퐔劈塞퐐,䌣㋷ᶸ꾙矜딊⦒锉Ԫ傯
four,䉎鍜脡褔걥걃佺継⹃존,0.015943023225463482,-906044527,ᴔអ䭯衏쌙鞐鴞䆀祷൷,謀졾晰싮儾┱莅펂㢇䛥
one,╜ꢕ쯖ገጜ䝽璁᪲ᄉ温,0.8644038283806778,-1671375635,ꐥ毈歧児瓖蒍⽇㘅׬쬇,当銎册嬰㞚謂湳瘽Ñ姯
two,筭᪐ᎍꉩ⠶발ᓞ辦र䣫,0.20609945380293804,-754608198,¥핤㔻壛鐟䀾䭠Ҽ譖䖽,퇮欮⦾灉끎ঠ೛낹ꑌ秘
one,皘갃悎矁봪苪▿茭鱼䭜,0.8931134093904415,-794390262,㍁춟禯짺٪絙ᤢ㙺菓㙘,믛䃯ⶆ뀀爫ა쐩發胥㰸
three,孝ᚬ蘻폕✚ꠗ⒈㊅愓쉟,0.30843238969361686,1184146790,༘₶伾ꇪ抯钾拲崫ᰁ鐀,䦾뜭㰁ٽ蹺씗쬹瘚㹮噪
four,陗纵ᒘ뙟뉧岭켅䑌䗔㽶,0.5821660613566025,-1785379283,풪劍껝槬鑦愤騰蛼Ⰵ䖉,෷ਛ誺㛾놘ᒽ쵭㰉첮⽫
one,㱚࣯躃쐴Ϙ蒀⩑慠틨ㄚ,0.890811328737095,-1761400660,䃷ο埪閛팡㗽胡瓙뺞,埵㓮蠯䴯櫤傐륆쳕♎ᮇ
one,铂㹖굻㯺콪ꥋꋝ糟磀஼,0.4467062203899147,1002789949,蔎ꏎ阂㍅ቻ将捤अᬩ뱺,Ⱡ䕋醜箩੍䰨慨嵋혢귲
two,戹Ⓨ巭큡塧禑ꄷ坲ᢙ鏅,0.9018404230332827,63247859,렉좌쫮湾Ɵ㓌돡—罺㿷,ᙽ탁줏။俲陗懁姖麥싀
one,⤸襹둶⛣宴ዠ틦旈蝲缃,0.07810463922885968,-1812888680,໡綱㇙捠幭睨龩繫覬岁,ॣ홧⣅蹃捠웄ꏥ욖觧斁
one,腕駬鿷咻븈ꅬ㊌隖ዣʅ,0.0484514692847301,1845372170,癍楴덯綩嚃瑴渱焐롆相,〵輦幘轂౪嗜솏ȶᯔ⍇
two,冥ퟎ৿㪹岋靽ꪃ昧喫틼,0.5601884607101572,658299456,뭋缾䲞蟰卙逆존İ鵮觷,肭׌瘒ᇝ鬓Ȇ䒷཰횩鎛
two,噜졶킷鴲⋯앬蹿幦⬸徘,0.10603594268786432,477287799,䟜扩儛䊇ۮ翯㮥➥Օ羿,꺃棪䟜㍻ࡕᏠ棝ᶲᡖꎔ
three,啬쑓ჵ╗폥퟊㘖礿㮠氤,0.3229665573334417,-733658026,趧⺼푎ꭢ뢗iㅬ呮雉왕,싍쉿♷俰ᩲ沂ᅑ쫓靂눬
one,倜Ⲁ紵؈ࢴꂰ儆ᙇ剄턊,0.9205755804638204,-458844145,݁叚曱許㞫緯뾔匄雈钆,茿뙣㘬侽ɸ溶ㇼ袺믐李
two,䝩塍ꅟ蠄ᔴ쑤脪ྐ囙ⳬ,0.4920941148277478,-1989989433,萻⢏㓀뭴₱蹐肮ڀ湬꘏,㍇☙園苛佣锻省䛷ຸ୏
four,㟀ᾏ㷐㫖龫゙૔䨰媞퍳,0.7474739834739742,1523020231,㭔藽惓⾂鞩⫍잦쌙꛴풌,㟠賡⹐ၽ澆㭍죬왛肂⃵
three,屁ǣ꽫ኩध蘭痸뽣쁷쏝,0.469829903389842,1684740932,䧒명੸瓐贰⭺꫶ꔴ둼䲋,볤臤Ľ碭贸牔㜽劈簼躖
one,䠡㝪ꗿ苂図䷥纶갉袤餝,0.36310048806994955,-2131973175,笿꣺ⴵ잡鶢憀퉯匃墬狞,㷫븭╍ꓯ賱䒂妶阏ר気
one,䜱靑ᰘ鑂㡸掅೚프遼郌,0.9305851229988258,-1385371529,葻 ᙡର陈啗䙰㩉ษ怴,喕䡩〥፲猀巺蟋뭾૷ᒦ
three,ᥐ握蔰෦噳㐲됦꯼莇ꮝ,0.4545047585898949,-2123930423,Ӑ偅뵏ㄐᷛᄛ騺稧箢岜,锵꺧鞢稴㌿와ㆰ摅陛ḽ
four,瞾緆ⳅ䓇擪㐕蒔鏁辣犈,0.8237278126846385,-1618517644,訸俟傺읃桔翎蘏훻신外,켾홑ꄓ㋨⭛낝貕䡰⃊䀑
two,㘿┷냿⭳塚ৼ欌冪꒍䧄,0.46553891243213674,-189720680,ᛴꪪᇪ瘣쿱宲噻쵭㠎惪,⫍໱달剬币ꗭң칍噎眞
two,䍒⯦衴궲叧殹䟤户䛶嫐,0.6185990771974261,-1472810643,贱쮅籌Ꝝྚⱚ碜㗴ണ戦,裖븕簲ᰜՑ刔刉췍ꉶ㤐
two,숪௞隊밅뗸룁筙槝✆薯,0.8820566743308049,52783865,镠衵푁東貁원乤魡悰쮶,ᤙ巓岋ɣ䉑娲䏥魩ⷰ鋙
three,봾⭐䈻ଵ퉦㟃棊쥚觧肃,0.5003487378109949,231141544,᱈嶟粣摣崡룶츀莶陒㻈,윋ꌖ韰ഃ儭剶螥틫㽠恂
one,뭖싏ក䜢戲ꀚ姡뢖삚┴,0.8563884782151696,-362160461,㵥쾰 笐틎厘㧘㰻쩑骴,᧡ᑫ⽁䮰至卲矛ꃇ䄸㌁
four,䅾犍䒙뢎⬄粂냌ጓⴗ啱,0.7069680839604562,-670329931,瞁섢⁁⫐⁏곚પగ㷛덠,쫀〟䍕뇿㈲㍙˲೏皿賘
four,ꫧ틊鿸쳲ゥ弿盋韭萏⻟,0.7864902923017771,1869556200,ầᑞ姺蜕庍舡ੵ鉬⡲缾,ˊ᨜蟪ᠬꔣ좦壪ಪꔜ芙
three,ᒧ焟웚ꨜ淈溓酏䳎侕ꇬ,0.6926671393968004,1718070747,뇉뉱넡弎ᾲ⬤埗謚뢃ኚ,憹曾樱Ꝅͨ佻ឩ莑롳蔳
one,얓䜓ж贩⍬ྂ૎껮댇쨼,0.6157262073725036,93675172,䯏癝퍺燛竂阯喪悃௡⮒,㥞鿦畭ᰤ臸㝝띏俯蜞㣗
one,鵷嵈В똟ꯏ瀻앪ᑉ袳哋,0.3935224968134021,-1965933869,祕敀쇻뒉⼞ᖦ俵淸뤄ᕦ,⮥ම㘽㡮缏፲靋虼㗪䩁
one,⠞这䜷粆颵슗穙䶌妕絖,0.04599096327040286,-1158863176,ꐾ⸚낁弇쎥룛즻䯬怽帀,ꗥᮽ琍갛淟봤팖讃嗙툿
four,㚬À鴑噦끑㭂郖ٽ퇀,0.9692407200222535,-166403144,䮶겟♑ກྤ堙钵⬷䕦໓,鑼쎨뚾魋田뺁㿭꒽㚳䅸
one,컉ᬉ텈䂻依絤줌௖葈䊒,0.8537547644121101,-1508528697,戰먇櫢쒷䠦䋇ⵙ枦ꪜ㚲,࿵튽틜꾾쭧穕晃秥戎ꪁ
three,쫆鐱ₓ캣쓕㹭ജꑿ屓̽,0.9892014811987344,-1656032451,탲鏹ỻ␓⽲씄⟍渋蜅馪,뒑㽢涇쐨댒䯊压流ឬ᭢
three,굡弱裫孺蜾婍㌣誧꠾ᆀ,0.06268765743727311,-720368479,ུ蔀ङ괺陯᜵疪돃閥雅,霫䩊힓즔燱鰼㎂礐寖펫
one,ⷳᇼ條ࡦ潷鈽屙僐뼯䫮,0.9390439081086657,-689869535,爩廏ႎලଊ짙濆䪅鮻垜,㔳쪎髹立龡⬆黒晍ブ爴
two,ꑳ鸦놕ⱉ멛瓜௸౬鮀徦,0.8079919468273193,-624014897,夤쓤뷁ቜᇹ맏嶨齧쿕羛,빷ລ࿃䗴茵㭹㡌엢萔Ꝗ
two,㗥ഋ䃠讉펧儶吹㚆蘧狕,0.041449827154525276,-985105185,⦒坻灼ᅙ㲽ᜤ챖棢閜␐,옙㐠磘኿㊏칁킥弞髸璒
three,ᡲ䂩騨陳服ৡ죸અ踳撿,0.47975606206265564,-1400552593,闢餶᥷ૣ㪖胍쫑薧ம偵,큁溰ㅨḟ簰酗섷⸿䊆紇
four,ꆷ骃怋ㅤ꙰樹鼥헦뗸赩,0.9350896356346338,980004777,綫겷갹⊎拄촂ຝ䳙ꄌ㾤,⍕霬믺ᗕ̯촫˴쏪蝏௓
three,妚闩嫜਍쟌袎㈨죳┛턭,0.7619906666912497,-1256319423,쑢쐻駜ꧢප匢껨梠腀⁢,ᱯꟊ飭㧞ᡷꞍዅ뷻杗䅇
three,꽘閜퀲迵肰ꙧ㩍⧪孴і,0.5406882614869021,1074638230,겺鴲胅䋕ට赣㓜쬷⪖ᓏ,ᙏ蚭坪雴鞖㵉펾耠ᄓ㞌
two,ꔘ㡫獗䱡┴饡哨溵ධ㚃,0.8000844746065002,-573778431,䖻偘摳闊౉䣘酮遗㣍硃,륇氰息鹱檵譜㑶ㄪ闆픢
one,젋칕蒰ꁧ컖킎뗓⑁鯙갵,0.09272452495796335,-2115541478,욞豻푎⯊㭫꯯၁쀼쿻Ճ,琸☗׸吞‵쎿壆牷㳣纱
four,椀辍웬譥峱瑮捻࢐櫙눃,0.19492147680188254,-602952969,䧬ண㣶퟼됨㾀滝ᑦ笔᭼,ᶍ렚溬쪐唍轔䆗쏸籔곖
three,㞡㐍➡孝硈㫕瞖ഽꯎℒ,0.5374027169454675,-851844170,㦤䷄▕뙳㌓穩쓤ጵ⃎鲠,ꆑ᜖쒬낌浬㧑ј䣔颲᡺
two,眱ు㶵ώ䩊ぼ呷턭韀긧,0.30265104508968876,-932534068,찜ଳ릊銁⧒و骸꺦吖ള,妍탲⇨椛蝤ᒟ溩琵큷辑
one,쟦ꐮ䄾ᷗ铌彭㽘鳒艟퍆,0.3283651391930956,54606576,ꟻᶑ౛⥌豮츝␛꿇ṁ㯒,圑둲Ⴐ넭䁒酐말臻헺ಙ
one,鱛䂳䫯ପ쪁䥩ⅎ黯摶㯕,0.3340452551276165,-749079906,吽엲䝳ヷ椔羙缜㈣䆿镫,鴍棸縍ཙ荪዗愳ṧ含䷅
two,꒩炩䐖梏쿿曾ᢲ翻Ἱ⚽,0.7054052200388979,904808580,곯ꗞ쒣ꌚᬏ쪦柟ඡ銡餕,䬶㨘䮈䝞즘鰼ꄬ꟠ɼ㜵
two,惝㟒뫎ߊ望帍賝딽☱栥,0.6185812603252779,-1335033770,翼⛕滐矺䶟Ờ灔轛溒疴,磷独籞瑌牲殖涫乱⒟츴
one,㋛蜶迗俣詗瀽ഗ깃嵰쩼,0.26057613470605423,627061467,§悹鎿㸼唱ᯂ띎뉶䮳㍩,䉵꩕译洟쫔笵䊻뇧䱑Ⓡ
two,⭇ᳪݫꘅ쯣濲䨚渼ঃ¡,0.7010491550763441,-410314440,◮푠쯹嶥習㉧⊡䍞঳슜,홦퐚閽矟흦阬鵊佡剅剀
one,ᴈ⒡稪귟◮ሏ龔竺ꞇ閠,0.5010773924846355,521527996,ᷖ樳礱寢뭔䱌頋株⤋ᝯ,༃ꖺ蘯䐤⮽褢雛汹ꨟ缇
two,瑵葌栠㩈漽蓮೗㕪웭䌿,0.45092528950516386,-482191428,䥎ჹ㻤뻹ϕ畨趆ꇓ尛偢,餹呅泂ꌏ謠⣂찜īꖅ䁮
two,ன챣ᖭ쑝ἢꢗ鿻੦軖颁,0.057773612435237154,-246094015,멇᱌☜鮔苈檸ణㅡ帳䒿,객嬶⟌夏薗㑟뿕솎횗壈
one,斨槱蕗Ꮽ撅㞦㩿珲슎,0.3184136410389946,368560795,郙̌琩㽈㥤줵虆昈豘幠,핧琯橡熪肄罝೦㯖䝗陯
four,ӝ魃ʣꞗ솘箖㳤㘴雪辰,0.588915146325597,-1929742068,韐耊䟢꩜쾁ⴔ㮞읓⺩ᕥ,䛌䮘놻덐꙳㣜턚振텺銐
three,孉⚗歉ු胨잿ᩌ椽鍐᣶,0.2005145097498181,-1877440724,骼쿰檵㭶䣞춅䣄慘륖ⵈ,帪䣔䦇纐ꌏ뭡뇖郅뒴婨
one,ሳ靼躃੊ퟜᕤ죋⺈秛魔,0.5454700231300947,1360433338,ా㖿岊ꪟ척᛬焒쾸⠻暴,㟏甭㈦謤៣ꫳೋ㕋˱㢇
three,喖쳇抬⨢ꆞ㲔ැ⪯졾뫑,0.9734246386187618,-1807171344,携츰駹ॻ륨꘩읳ꛝ強斐,횓搯䭥䎸挼觑·ⓦԀꪃ
three,⠻⏥䓓ѥ娴犳湲䁩儈뒡,0.1304508537355037,1301300375,냓썳遼⿗쫲猈䒋㧚힁軄,衘쳱ٿⰷ䨣桽⍔ꁺẤ࿛
four,ℳ䫴淲殑䪐䜇텞䉻ᗥ醾,0.6948272728979129,624900715,뫰御姈㼞ᶄঝ끀琢塷삺,悽嚝ކꏮ⎫蠷摿࿸䬨뽒
one,ꢼ柽䀀띬䙥좨垁珖鬏뇭,0.6608596120407173,-135929453,䬎鵕囸縀쨷ࣰ웍먚鼩蚃,옓ߊᨧ槴툋잁淨♏Ȕ쇢
four,賕␔褼㙩迪樞痨曑赳໳,0.32513907988046475,-792681675,댉޿ₗ㾨؅壺耤蕾韜讅,戾赚愥싩姒全凰ꊶ蓈肦
three,ం䉇傴ᴥ濽栛巨簳㢑㥔,0.3666373725948251,1981969268,슕ᐼ↗㗈챞떄閒乆풪䝙,储嵊铭锋⣜춮惞駧칰歩
three,턢쏦䡇粫篗ᘔ댉㌆Ⰺ엡,0.8076141219010307,-1924679855,푡᣼⛁夌帆佖兼⋮䔻暍,⇎쉘䔝ߨ蟴㢱輥셼旙针
two,屃꣟酝谲㼔훨巚첟搄囔,0.5036762914442042,1537060940,뿬枤ꀑń䏴ᒢ岿蕱퇾é,ꓭ❣⫈ㆻ孢疵࣡꺏橴⢼
two,Ῥᰅ㧲ⓗ腐▏㮻ꌯ悠੗,0.6835585583634941,-510381124,᠈䊫⃂箛犪ⴣꎺG듪唠,吋똨ꗼ敢ᜋ䒍繄竒붵츣
two,땟휸ᝩܷ綞嗧鉔뿱㞙厏,0.6630359437841079,1078623020,ݼᮣ儕ၮᲭ⣍ឃ㨩焥㩣,隿䉅衂鸴摐杇ઐ쁕诇碱
three,덽睌죌衮蓪䨈擔㡊蛰⯠,0.50410311076592,-1747192760,뽸青ឣ姛ሷ쿪䫳鎀컞鉞,땨⬖儞⽫掤狇줣놬ꖾ긶
four,與盄ꬍ치츘腣틽㘇╕욻,0.7996388854490865,964391450,햆胲ᛈภ狲毄昐␮띝廢,ඳ໤戂픯훹訚⌢证狮蛼
one,츄䂀骍㕨✕韫鼸ཥ꼐᠁,0.990460060456359,1592708778,및ዞ帘㐫Ũ啍敲눩虷帹,붼癸ㄌණ狧⥱zᒇ椝⫐
two,⡉밋䡀捑躑౒黆혬게⼢,0.8326576673512425,-648266945,䒫峄틄哭墜⮩憔׸䫫汙,둺孝碃㕩찹ᶂ暘芁ޣՌ
three,矊鈷頭Ⰲ鞏䚃䫙௭䓝샂,0.7499259555006536,864485072,⥻졙℄㓟ढ핤熶㈗ꥪ逤,阄鸇崼ꗆㇵ㊕췰唿䯠羅
three,玽ఊ瞦兡ઊ뗲ᖋ첶븪퇱,0.5664307533876337,-601258651,䚈㚣탦㐟൬਱㷦పು⯯,쏫ଘ쿎钻䂪▰樴솞ΐ⴦
three,刧⥿紈ퟫ咈먞狶풣㌭龷,0.8877788919491116,-1870841736,ꐖ꽘沅쁜栚髄眯欹琖௴,疑ꠒ髑꽗儦喅猛油勂ᔵ
one,镚辑籗䞧퇵뜰鴜唈ꛭ湌,0.10306654870582643,649129888,侪儸쯢嵲뾑掺찑豋⪲,㧴Ⱔㅊ꺎蔅㥦ེ揷㠆䤼
three,鲡䊯鬋ൖ쾦篶ꖇ媸툄ᇿ,0.7814761453261504,-555175426,쾲ྑ㭓໥޺鹴ヒ笷稒ᇸ,囤먂ꌄ殛圠綜縎Խ؟螀
four,矚瘬뎡ᷥ셒㕿뾠댏꤮⮈,0.15204463740356744,-1139454902,焻꽃듿䕷Σꬲ乀⎫綸Ꙝ,贕㟋㌔距㍗췞薨坬璧쩖
two,귍瑇ᗆ❒ؾ瓃㍎᩼킙ੜ,0.7721337078076081,-1399276427,祟䢸ꢷ⩹櫆᝚灚캲牽舨,鹹ሼⱮ篿椇戭蕢ᚎ౨悶
two,乒朂葝쏔➈䚟䪵㡡䌴慡,0.5523591201320617,410710836,靨냺▿쁃ᶾ尃ꨲ瑱갬ᅓ,ྞ왂⦇푨搦舖䔊失젊ʥ
one,ᩁ蠓佺쵛榠ᰁ↕㙡뙳쳋,0.4512309629178012,-519127815,헴䢮㢏ࠆ䘻틛礝㠙勾ꚩ,螁⋈矗ᨅ葷ᜃ⅐쏉麷窫
one,⇃㜂䱶猻ͯඇ쮩딫ᚾ뵩,0.6014555308838705,509286170,蚊縮믌梱杉霙襯䲓暖믂,퇼㮇軟ꘝ䔟쀘쁂⚊絡仦
two,ḕ䆚⏩잏䆸䵴洺琔躒鱙,0.40302912521787204,-1536386238,瞐৵믵ힹ괜刍벓⽇醯鬇,얒諘✏蔝㤔犹ϛ멟椔뚆
three,磥轟閄쯮瓭ꎪ㢗爨탾䁋,0.2028943823249616,-468954537,夫ꝟ꥾薅㷶䑠⧈즆㩶ꄛ,嚐㥲㤘⻼銑ᴭ읾ᅬ鹙㽞
two,ꄌᒜ섰ࣳꚷ껡훎끁倸쏻,0.7336384836784993,1777138043,၂ब폱ꂓ褧뭵ⱊ縳ꪏ켸,ሑ埢꺠ⶬ믯퐣꠴앯畼樰
one,㊁㘭캦屾綨슺隘̊塷㍪,0.49996773522582105,164749018,롙㌦䂘隦귮᫹꒹箝۶䢲,ë亘碏Ꟁ꿳⩌暻욊拮죩
one,嬍ベ㙔肸䟂阴喴痜抎ݪ,0.957466607340338,-1649424044,賘낊⑻豲콺ᚡ窩䮉㮏葂,鶴᠕舺ౡჍ㊍鲺洱ܚ∥
four,⇬㢋葪㵀ዎ౉ለꓖ췿쥲,0.23215493748295446,1706700119,ꉖ鉫䨫ꪛ豜蔑줞Þᠠ儼,㡃噜஥㧀孕⢚ࢰⷂ㖷㚦
three,ꕈ歘ⵁ暈竗囌慗┐酠鱬,0.005492353449815024,-1255206314,ጬᣉ꭛ꄐ၉띜⎫玤ల쨍,폝ཞ葑顲䟇毺슏疖왝꫰
two,差꓎了驟䐝쳐ᘶ暃ެ椟,0.04021455967899734,1157681089,쭥匥㸐☾쫶妤ᑀࡤ溵Ꙏ,枉⠲ச굴첇ރᏈ⫷䚝곝
three,⃕哣Ⱖჲ섎鲥苤⪍澳폫,0.4051396695331261,-942867082,롃涱艪鿯靚ꦟ븽Ṷᷬ쪨,☵䃺䯓陶∄챂㐫횸蛔ႉ
two,ᖛ哜অꣲ젿㛷䅤抉Ἴꐡ,0.9368782329306398,-104404233,ぼٰⅻ䌹댿涗桀瘱ʋ쨙,᎝㒭ꋰ⺐⍁돋뀆攽煠ⅺ
three,축饈᧭陀朰Ж对땊豘䚼,0.3992863407417422,-1428325908,ཥ㧪沭ⴿ訖숅䅙薚췬져,渴๴獀賫鹟埩Ⴁ匨㍆嚦
one,墻㙃맙狊̙꒾絪翏䟣ꊛ,0.06467266213911005,319333309,搳䠎␝䐺Ꞇ禕잇☐컍ꑆ,双哓眤染쪨‖뽄␧鶍࣒
three,澵뎲ꋲ䂐䛲桕쨞ꇋ띇뢇,0.7160845936205325,-1349316795,ᤤ鳽鈦禥羵䘄꓄餉؏혾,窥ᆑ䱪粿趜ຌ咀鱪鴽饲
three,⼏憯筶ȑ䖳Ⱋ母ᅸꘄ浴,0.16960466981023947,1392327406,㤀脍檥烃㏭草⢺읒ܶ૑,桞혘䧨ㄋ⌘䛉䎶ሪ梡웆
three,ష᫱᛭妀⏨寈꒒去Ẩ嫀,0.3688616001366586,1116713142,燂繽杢ᶿ嬒䁕앓렰㸠蔎,墹愆䀌㾀貖軚훙旱㭱䭞
one,쳴춃⒡譙りᔰ䶹즩匨ꯈ,0.2466850263778232,281726190,쉙찱튴飚驎飼蓹狪픉阃,ᚍ㏽⫀鱠Ӵ橓찾꧃ꆲ眉
two,啊ਝ넁躧뒏申㪡捲ꙣힱ,0.7066036331672824,-1849186894,횦衄嚊ફឥ猐颗꾚赎臟,ᄝ쎭窲祚ኍ궓滪礘םᡊ
three,쵭ꊂϓ鉏ᙓ쮂胟્찒ꠞ,0.9560472381912485,887482469,鳢됄쐮硅ᦚꫀ醁䥩ઁ蕥,槂ᳰ걆竀녈⡠餘ꕟ㵮˦
two,껮杉猌ꡄ판᎟슟ᣦ졍똥,0.6037297497036358,522574782,튪꣄ꄑ횉Շⷊힸ覣놟络,鄴븗檝떦䭫쳕佶㞬膀꾢
four,똓謑侮獺躢ཛྷ뀯ꤊ집襻,0.3903700035024422,-422023126,ꪍ⛉달ᾅ⤮ㆀ셣㵅脝댇,炬᳝㞡㗫븗⮳ℜ똀㐌ꁿ
three,ງ쎐㺦✌ꐤ퐳텉⪿㱧㿹,0.27947229102565185,1916155268,널밬鈅ᰱ㉿嬠謣꠱扛㻿,䊦呡믭ꎅ幉圮䇆먨棢섇
three,ఌ쭷ݙ䨟饹ච혓⡸᎑䛎,0.89719482626661,2126675068,䪤ϑ㝄쯌樟ઇ韊绀澩鈩,翎诎뻝䲌⪙ㇾ쇃少砯掹
three,䍫悖䀻铵훽ؒ絟䟽圛誨,0.5817748977949347,1917037349,㝩勫㋉晉⵩뻨酒㽐⣢럋,ᑒ䔧涯닊ꁈᛕ鱯뾮㗻씀
one,鴅䉀쇻祰麦뒠㷨丢ゕ愨,0.05342637296919961,2146643831,呀ꓒ㙸瘒喚옎甀㈤㧋⤾,ʾꂎ謋誜ສૹ檨ꉧꙎ犄
two,ቓ봸䂅㭎㲳☺㺍悄䞺뷟,0.420888182848701,-367702061,ώ倄䃁逃떪࡫为犕뉍晴,չ퓩텿薦闚흎춚ꀀ锏委
four,㟑怂綦牡鯊卺悰퐲难ꪀ,0.7618194602117014,-1548308283,ᨒᬮڶ랄滓⋮䉭ᇉ㲶㟓,呮⨲鈸᧮Ⱥ㮖惮2릤╔
two,톨ⵀ嶒閁歶뿊颁亂퓖ꕓ,0.35960853265595094,939954334,鋴猁銯꾕ᦝ㬷룳ꯚ≞Ɒ,᡿ꅞ啙䶤撁젹☱橼᮸쩬
two,鸙爂騦抰汼℆솵ı훣軃,0.32672711881091554,388613268,Ꮕ怯䛌䋯墑쮈鋝Ʀ炜鄇,ௗɹ겪ꖮ쭞䡭슓㓍쮱몽
one,䢵ᘊ훎葧᫨㋂魁檔㞢匷,0.5793140912390548,-1243856755,퀝倓뾧鰖✱숛䵷目茞퇟,ᰗ耨붣ᵆࣔʍᤗጨ샀撬
four,懠颉癥⿩녯ڟꋟ樓⭨뙄,0.3830655091052032,-2083868216,ᩇ↢꣨ୌؑ偕蛤ꄗ䫰姍,⒟ꏍᢻ⁅䣅Ḕ虹寉搠쳮
one,旍ખꩾ늕㣬처鎆휍ᬜ羪,0.6656712217468924,1152468464,甩૱髅췾Ꙓኲ캖ㅐ䨉쨬,췾궩冴ᢽ软ꊊ蚑ɯ翰钿
one,嵊唔ݺ‘䋬ᙔ崲඙՞찼,0.6407277934014911,-1143313552,䩂馥਍呠ꝁ嶯紶킼鑗ீ,ᙷ莝痑漸ू魛馗鷂䄐ᴡ
one,鍁峸囈砰횂ꦫ娘ᑃٺ〫,0.9703128842927865,132316405,헌庇둭郍簟楘驆螇뇲྆,࿩갅갫ᙳঃ荇⭥妯㋴ᳬ
two,䶑ㄞ쎗ᗚ昧浚稦貱吟䈈,0.587056619170596,-1733283459,哩鄠൞滀춙垖བ䯒孁⃦,㝅彪ὂ즏ょ쵙齔꤁镎໵
two,쁁汌峺释뤵슡㊉뭪ა쥵,0.9832452655199414,1866900344,쯭딞꾣츧鸳놺᎙ꆍ頜츠,ᢰᏝ옋낱檿⡨ꔒ룙陸됇
four,퉏脲 ꍴ犙Â質䱃ޕ涫,0.9110978066765872,-584770383,ᢔ⫟憛Š୕쐁뚪㖉퀟⥐,㺐囃ᣏ狸쐸䬩箼ㅃ椡ཁ
two,팤푹ꡃ挫䃕⛟멩땞၊篧,0.9266677496588855,-1973001697,ኻ칀푂㔛ǐꗙ䔪꺆Ⴐⷞ,砲橞ẞ䦉넃쳋䥂ᕄ遳᫽
four,㙓렯⥎㼔䨒⢶쩔䳬魝袠,0.40196383839475425,-1871427115,野娒눁됇ᡴ滬蕕量椵肇,糩㭐닙빂䘳텭⨂广鞶゙
four,◟㒪鹑쪸帚짱妥䬢嚁辷,0.08886317024740698,1565378213,藎㎭ꉴꇧ쮱冯끫ᒔ籽礜,컪詬娂䄺仺훅파㳬杨浳
two,ណ顪䳚钔뿎놷䧮㮜ꐬ갪,0.18461565713393768,160929839,㴢✡沠㼬헏啫䔿Ώო쯇,裑ࡽ佪최酾끊瞇↽閤ӭ
two,㐗㞆㸻穭驨ᒡ㢌ͬ岓艌,0.6445261311457795,-926235787,㏯歰휞蠭멤扣䵏뢿칭捺,㿒♣会஬漤縤⸅ア덥琁
three,臩옵ꤾ엣⡄덇紦索톢ځ,0.22273669706580534,-1081594062,楘횜䂒褜ꄖ䵰ᮠ훭滲Ꞻ,␅ኣ寘䈂훝Ⴓ雄鏗沉㜗
three,ꩢ윹텽궿㞽룒ңᐷ羏∎,0.4461667201510985,356092027,㚞戾㿏Ꭱ晫晊휞ᶇ绦ᤚ,掭⻵券뎗횺㽪߂ሓ떈ゑ
two,披ꪡꉞ㈗㠲依ⴠꨘ列ᣨ,0.20125274230495904,1394425718,ၣ雭䮂幧簈㪄㎽ដ鹂䎴,ປ਩ꪜ㪙ᔐ높궫ꬶ卟റ
four,푳Ḓ矸㈓淦诌➉㺥甜唫,0.5640014139893464,1832306998,飪蟩녦讫沄ᥑ쓿騛谪暡,⌤䚐諞뤂홣ὔ䶊╷컽品
three,㋆鮲牞ῴⅸ튔誳嵱遣ᖝ,0.9397059251905062,1254798058,鿞ꪜᲃ扯఻댧뛝✤蠞㊕,袞芋㣚㗷漎纾툙똷䞮ᴐ
four,ꛠ희䧥쁲⹴펽ꑢȾ㥒ť,0.9460918816453353,-2043853808,즂쇺巇쉞嫀뻎᩹郸㻷ꉇ,㛫頞욣酨転ஔ꺿젠到㢅
three,ὢ䲿嗪蟄祔祱䷖ǆ뚡룼,0.9495019555882313,-1300447160,瑺쎏㠳ᅴ໯漁鄥侳叓ꑉ,粜☸ⶣꄬ⢉⏺䊠眉᠀ᢿ
one,庅駥㊘㷴 ᶟ牂뼺㙚尤,0.16661104371593627,1558224626,≊陭팘飻袸ꨏ閺䅶貙䴬,鞽ԋ쨬篡䣮摞譼Ӹ矹'
one,೙馅ꥄ溵᠊卤獪⺾닆绘,0.2785254860724087,-1988323895,ໟ惱툹歊ᡶꁅ쌨省议攱,먔꜋搁㈟噫᷾겫膀朝뵮
four,ᵞೳꀨ欟䫓猋㫑檿庿ḯ,0.7313251808303659,-1525093102,鶦ꏏ镌춦뜶鍮姬켊辦퍦,뭮ᘢ백돥鲄ꑲ讟㐍谡肑
two,옪㏹⡵甸嶈⣠컯㯼떩蕣,0.3593913978238531,1491963673,铙㇯ⶓ諳啟濑讝᱾쒽莄,쁦鶠ຽ콫案鳖뜍꾢苊ꆖ
four,ሂ홈㬅쭁噠றꖠᤃ睑⪁,0.17212610900162117,1118269967,壩⑾ნ뇭忍綨䠒挓䷃䩡,輳㒻悿㽞靹嚤偸눘攗㯉
four,ኵ䨠톔ꥍ仯湒묷‏铡⛄,0.7444282013065239,-431379828,쨿ꌼ᧑♉てီ畚꾪㖆糝,릟䴫봆捏孁燫붔壌Ṓ哪
two,猊뻛軐꿋쒄ᚪ紣홦૤䭝,0.2462973657444183,-1738115521,㴭談痘ꔎ⦯᠉쩲燰㪲⎹,⤹엦⹮㹮淜쩹暴ډ겗픠
two,対謧ꕍ甔긽ʓ撂橴ꕝ䭜,0.751255213876626,428814737,뱫鏏剠䑬㠘䶉Ꜥ놿῔畘,뼜闒౹᧲ᨒ蘡뾭戹ݢ闯
two,瀋휽㥦鮮㯓܄醯뉙㖒닡,0.9738518202607279,-2066530234,躡汌㝗뺍옂둼팙ꧤꯧ짌,䊏왑䎽삄葊ꔩ甗佯㦰᧤
two,쯟⬞쿯ᆷ우ꈼଢ圴⍘쏞,0.6155281150386688,1976617062,悮릳⯢悋䃧㬈丌䮸腢뤬,祰릵ꔞ㻾峨ꤜ眠炀ฐ봥
two,棛鲼릅ᡍᓐ⡑낢᧰聬ഋ,0.2135505145336386,-1397585941,损咀揲糍谒➟ퟄ鸈韓鋹,쒵쪨ྣ䔬霢薁ᑰ銽媾씩
three,㮌∸䫼얂멺⮯䩝ꇳ믬ԝ,0.5382171430233852,-137602803,凔⽺雇굣鯅쵢濔跡賐준,鴞爺璂入ꃨ㿖䊩틕끕㳁
three,鳝Ꙕ뎱䀚Ὼ㣂㢐뱲ᅩ眮,0.6640540511481153,-132843993,ڒ㜋维껔ੂ칶鯱촄☡ꩉ,秃ᚰ軔린㠳쌡ίᯆ⃨ꭂ
one,㠔姶씡臚⺩䙤瑹≚ꔷᜣ,0.3879096775195662,-1873506946,桖资娷뜮畏⚰崏헢牒掚,撤븛翎ज़ᢱ枭꩕崉굒蹄
four,쥵寞⍲㭅ཎ跫䣍╕酩,0.9531352647286523,1984595581,컫阎竔쁪⟛ⱇဩ䍻읇䨱,擽഻萴ẇꒄ윹퓺䲒淎ꕟ
four,膺땆ځ⫔犰뇯툷茬癢缚,0.9664749711814837,1928580382,핓⦑폰ᤳ㪜ぴ侷ꢂ歎鷗,뫥휫됕鸹繂芎у襇냀褞
three,鶐훎瀣鳿䨎흝冲胪䘸䗡,0.17019230218435744,-551494255,➍㕞怪⮩Ê㞕鱘쭩욗ᜱ,Ĕ刋謒玅筓匕で併׺髠
three,麘蝹⧕뉔⺵멥鼇㝚㑗盖,0.9395022768244696,-75566737,쥮앴쨇ㆅ뾈룂邘䒶ᨉල,☘䶱ꇩ췜噱✪ᬿ翶⛹伐
four,鱺ᵮ뷆慅螶⨆蒗ᔕ㿀냞,0.333764563550073,-1804998413,ꩁ穾ꙗᄵ넏㫚愮䟌筩蒲,蜊ㅱ脖諌죦淯뀃孵ܵ鈼
one,痻棂伜嵃ꚏܺ贆숣䋿툎,0.36985646783180803,1519461896,藛椩웸勵퀩踉ꨍ蚴㋭戻,쌔犐ᬡΨ콳谶碑悥紏ᮬ
four,쥈鵢걣鸸꘺쓶넯▌雇⻭,0.8478148840725069,-344105925,깏놡꠭ᑺ翝ᴚ؊鹥풷쑻,娺郢믃侞嗥猡廤砫ሢ자
four,鮍蓇ꬱ춖䒍粺鱀䢈꯵셮,0.45024621402164766,-1738430521,쇖䳎繐뽃뀠㢨倖⠝鵑ჟ,诀뭁웞卉옔쮙항뺊⬌삉
two,嬝ከꮫ䑕෢휘厾梪몆뚐,0.6727716140853006,74506074,瀢돘锶姥뻖捼仃⼀갇띾,㘘闟㵼뀦毞켅뜝態㐨濴
one,金ǅ℄夸웯鯓츌ᙵ宗䵹,0.5137511157003818,-766552252,⇰㟗䲩ꕍ樝갋㚣뷻ᒽ犏,ꑾ⽱믷渏澖岿㮁櫾硗랷
one,舰␥틱ᒼ䑏裫㩅쉢孱뵴,0.35741735593461377,23069230,੘嘏✓࿗曎렕꩐밦鎻ꄐ,艗甑㚠뼈䨃蟶檖㾒㣝⋹
four,傧돱竨댞噧䧂ጣ負䲦靗,0.7928138398306376,421352073,ᢝꞺ孹瑺啘펐⻐鯈䉴定,飯㯽Ӝ㞆뽪ꑖግ㬏ૃ찒
four,ꢼ䤚帐鍈阰䥆腔녺Ⰸ쬊,0.08648894100670856,-728872618,䦖杦龗웮䕹黁ꥪ숝⳪᳘,신Ჾᝀ਴䃡ഹ覸ꙣ䟾氰
one,鮥ో뭡泞튼䳙횵潏宂⦂,0.10840368880980211,-1351677441,鞞쥄⾷⼫籣鄥⽮略诠鸞,⨊춏ㆩ잀鶻鼑恪.ᱟܒ
one,醨팄낿罒蛛音꧔晋̴尪,0.7902603502603015,1974659144,뫇⎊⧨翘蠁㓵説ꎤ磘땃,㭐귔⁖趚罟婔홋፴ಶ㋝
four,寈ີ⬥匥拃桲⚛툲쟊芍,0.6911580098729952,-119962453,颉挳␤ᗣᙺ㿎諾ர삘婻,鲠몣㷽뮖갇퉜ᑿಱ敇麫
one,ាࢼ㷗᧛灏ሿ⃯馄㵓⒌,0.13348661143988527,1318517920,삅頋ྒ粀ꁉू梋頗蝭늗,惆氊䄼㝮빏ࢼ鳆삎ᐉ㕩
one,駼چ谿ɞ઒㱵➢꓄痜ਿ,0.48268936379619964,-2061842535,偮뷌위俣Ꮒ❾矉邏珒⑟,ᓿ᎛狙䃾붫๱诲暯칳鲅
one,虼颧荇鈻⻤ᗔ瑡४炍䯮,0.8020888255027847,1520197306,×瘡ܠꅢ㿆율垧ಱ⏡À,㹬峼킖배鹘釄呜혒ᘁ哲
four,礰ଝ℠ꕉᘤ殬됗춘䜒,0.4334166781822667,-805858152,㘨䯧尌吊㲋鲀렵䈽褝⑴,뼋牀꺱覹㥙⁝价焏稸ꓬ
four,뼘⑈鋴汽魄홴㮟豭䈂芕,0.09017758180309021,1694784387,छ宩힡烫쳸芣쬓 枤幛,ễ땡晨灶聣찥睘ᑾ쵥沌
one,庂櫷햺쩮뮸昰㍢㾦锇鰪,0.7268725056710846,-2010975193,䲂㦫᳧눹삊邳瑐䢤俈揩,᠗焋ힲ劗萎貹揦෡ꕘ숞
three,闑᪤⟳⇬࢖뿲ஆ⪇びᤇ,0.9638892142009041,874703755,㎨㑘渞뿝ຍ酡쩐㽘ᙊ㪋,άꖂゃ輨⨿௫宙Ꮺ᥀眠
two,⸨遵㸾氙윬ꨪ຅䆙෣㖄,0.3212118348567843,631914159,ጃ䣤佨擯플Ӿ⨄䐴颻适,쫆忥꫄쯴猦鍁䖽뙅弜᱆
four,艑鬦砺을⭑櫣袥ᇹ짥䎄,0.8516186284602034,1163148126,翚ྴ笺Ӿ娽Ɥⶩ窪⃈烓,㱜ፅU୺⬉倐ꮎᒅ띍蹕
three,哃芠ి殲栵に䘕꨺凿慤,0.3364840575076038,-303326990,ឍӐ侐ឡ嫀洯⳺ꋀ脕ᮍ,䘝픋䏋≶墅ј瓃䉹⿛循
two,⟺ᣑ㗶셓짡℡桨ᵔ㮵㢔,0.6452671873068675,466065683,ⶆᩣ쎻汇㮇캆尤蛁쇬ኩ,蒉ᒠ橷੯✱ꁠ珟繭牨븉
three,窨雀実슓ꕷ䲗뛴㦒Ϟ鳧,0.3391373517604067,257693634,쒶䶯듥द⧽㗣咇ᕥ꫱腗,௅肗੽ꛒ촕邻ඤ㱞Ȗᵵ
one,諾፫嬃ꥃ玳㬓쩙꼓煔詜,0.25990525617326266,1950620453,驹駱舮侅䌣뺃ꏦ⚄㰪诖,谸厩겯輤ꄲ؊탃♆ۂ疾
three,뀭镥镃蕠팤퇐蓢浝뺰ꋎ,0.5193354497369456,-1919549707,쑸埅熀⹏뢶燰趉ㆈ緧⠒,诣浖⛺蹯฼锘怐ꬽ諨እ
one,棁큕ꘔ☝혦芪炰彭뎂共,0.5087233322855137,-282028927,絥㢐䍦腡䇤ヶ槻槥ᱍ텪,䈾࢑⅞唻䣔庈绐ⲇ촹뮤
three,湞㼿裴럿猇讧侭ꬎ措寎,0.736238860310074,1166987160,싾⿵⻪牄๨䝖調퀰敀⠨,뿟뱙쪧榖㹔ᕙ펋뒵縔ㄺ
three,徬㲣뷳벯㽼嬲륲舡瑚귿,0.6283800176360923,-1046369824,䠦┆ள扔盇쳇楃翍かꀋ,䂗䲭璠虴쾿ټ᎑즅⠴明
three,눽쭥궲歒黙냜ݖዓ傀ꉃ,0.8638196073122489,1437604194,ꉾᨫꦗῤ箓净鴡쬦碱⛻,ၞୢ㥂善믰鵾焤咝넣쌨
two,ኌ膠熄߬褦竼쾝挊撡뇛,0.11204983434735216,-1556210602,㱡佧㜆败緰吰㗤䯢绩鹈,ᛥ褈觼ꝳ叶怨簹ᕵ镚瓓
three,琅ך㿐ፍ馜࿷搫被沒ꂇ,0.32554659720510726,-719502484,럐殙벌쏕储檫왝う嶋ల,훘ꦻ埜ꀨ蒸嚠緪ඦ罚闌
one,킌木勸⳩⎶濛ᒸ걈鋻ඇ,0.35194318231198785,-1297441494,懾썧妼悗韭篏퍈䗕먊ꁀ,뽡쬇㇮䊸抨᭚ꖵ鰂䍻웭
one,ޯ阌䊽逝怉㲂ꙿꗊ䩙໣,0.00903256798084029,-1678524386,ᆧ䙺榠緧⅐䱦낟샪߉ᣫ,༰༱滞̤挧坧嘪闾挘汶
three,廏ᠵ嗅푝୪딋难蔧㞠ㆂ,0.19126627502991866,975421159,띹뚿툅쏪㱖媌鍎釆툴⻨,䛠э뼱㬐䃑ꃣ⩍炉੥쏪
one,ᵊ픾ٞ푤熏羒᭛㢷쟧티,0.32822964958522827,990535787,浍⟕矍䙰ᛂ院謨펁ᄷ嵪,풋펁㣱♝剛挀轗숬㦒䑮
one,⊜뻔䶡ᅚ㟠谘䭧礐틯ꭏ,0.772075539310055,-1154099277,껛ಙ꣕酠袮췞䳠䫒溥참,鰄୰䱬읉렟㝚桎猟ᴝ恓
one,鞶ꭃ壴鬿楪냜꺒鷆袵놛,0.3058818213533401,1742715457,혷ᰗ橗殢ɿᛋ♍欳遻῕,ᬅᵿ買昏훬籣鋾菨漘蹙
one,裩ھ垷᧽즹핁͡竔⫨㖺,0.9279579186279431,677374175,갂䞡㗐竲ꡢ儭朾毢ⲧ꬀,耓ḗጱ᫧ꏺ꫑◤緩㎽褪
three,磊࿩閪ⅰ鑑썸㱼懦㫪ņ,0.5156981046219805,-2008623558,쒇體厦獘迵湳◚溟墝껝,涥٢눰䑒䱏馤봅쐫ԣᵆ
four,扦쿃澉쏜◇傭槟ꪕሞ㬏,0.8997532507563621,-1088430145,뵢켬賫鐅춖䰳Ꙃ큝㊄튈,氓泟眽⎉ᣮ嶪씫ꎘഷਸ
two,㭶惺◷⇲炁㞆䉐ꢎ聻輋,0.21323064534096914,-1674274665,첨轅㧽ⱕ᥮䰚웑瑻䳯쀉,ꋣ吹每㊒磮餡끥፳ㄉं
two,諣랣⾼벍١ꠅ첔ⴆ耋窍,0.8925757619249475,699122619,셸詑ᛁ᧨鸇䛺뜵Щ欯ꔴ,㭶饽⋟배⺧ए槇颜꣫Ḩ
two,彏ꟛ硲ꐄ㝅遨ꉆ⋡Цሆ,0.23598736588191704,571971950,晎놿ꞷ夐翺樼櫾櫌赔桂,뺡쬜ꗕ겮誕쇵賄ꭦ掀經
two,풰鄦짒∦般ᡈꗠ춽鑸鱦,0.1902549831172109,-558586459,礟㱜⃵ꇟ쭜ཉ洒త篩䀋,⹉ம՞䅙萞㮟㯃뼄꼦뮄
three,䵪ᰀ㿩깷텿㰢딟䃟걗◆,0.33426023195503785,1319067681,켿搗ֿ۠颭嗨ᄁ碜ᤤ껋,쁹쓁꫃撦庆핬벻艏偕㷴
three,䱠蹰ἕ睐኿됰҅ɑ쌒䉩,0.39920209013462327,-1539480500,좛띀瘞즹㩧言㞅雧똅䇆,榺Ш荍敛漱䝧䜣贷쵔躷
two,瀚裃䄒໽笯켚懶닕荟邲,0.6500165187635368,-754502126,衢礬ㄷ䢞즸⿶崐⏚㡙糃,秜⩠ᓋތᣗ䑽艿ⓔ㼲᝟
four,㹨⚽偹顪䤎摱삎둇᪒燳,0.31093182559633015,-2112841135,張类䗍䘁ֶḠ㋬去볥攐,烰ٚ㦊꧋୲豷柮ᚠ╴瓂
four,⊧௳뭰괧粐얙뇥ḙ콟䆧,0.5656141524947808,-1340341099,嶙啵㏅ல왱썢㉦⑒Ჱ巒,䧝胲앒㾛ὶ髥䒰驰鴢㊓
two,㞽⫣も㳦䊤넬묾돬㗔駙,0.7074810388321731,-1107932872,姳ᮬ瞟偫ꉺ遼㵎삉蘕,렪⛿疕曡ᎃ銤귋㲗睅䖁
two,콍穭홾腿꾚䈦Ꮄ♪☏訧,0.14882076555456758,663482917,䌰匄オ총서獦美䒨醕ꩧ,☥鍬稾㭘鷣졉꾧涗볈鱂
three,췷ᕜ謑텠佘㭅犝랥柾죴,0.7463310550788445,-256698942,昬鞈版䁷½뷕皀옟킥䘈,璗ᘮ邔ᘢ醫㡬國ٶ歮␌
four,㒧쮳ᶔ휞ف蕴шⴍ手ባ,0.8055229959134768,-1546013990,Ἦ뷟૟跽㳽䶓㞏뼂븫⛸,涬즐콚ߘ忬吔둮虝鰳藽
four,已뇝漗ี᜔ꈛ樹ꈚ좍냏,0.8638593221357507,878193017,壵䥖蛦籤嗔箂쿨礀鴨腔,ԓꜦ⣀龎顙쿸㱶㵐旯⊚
one,籨鬦婚깪ὗ㜤绀惼횢垅,0.47461547469358223,-2134065127,씦獟傍弿컱븫鑾ꙏ捴卽,궽Ꮦ較갥ꁤꦽ࣮䨁ณ쬓
four,尲旋工㆓빽蛷阘≳㧉먖,0.14463459795236833,-2084827764,퓋鶢డꚡ떵㜚崬컘๗떠,쒐훔㉕睓횲␬濲⤊꣄았
one,ౢ勋⯪䇔ᶫ팯䜈脯覢鑷,0.046989169619265025,-2052396147,褚惍텪ᇐ伜ꄄꋢ刈Շ嚌,鷧᯵櫭簎峢쬲㍝Р䋥꧌
three,ᓫ膡㒩費穾왗ⶅ藶轓㷷,0.9869765699863325,-581299491,ퟺ㍿䙨䈆鑙ᆟ₶柅⬔ⓝ,丘⎢ㅿ胪頺㧅綷劯쟃ᓇ
four,ꅜ놶꾑ļ科ⵀꓻ썖奜緧,0.526557565248781,-550567595,ᖳ軬ႊꄗ僇ᵢ嵪㷤븉㵂,鞲騮㖋㱸爱㢎墔潴儆╉
two,ⵤ䓳생᧞썊芢溹癨⭀ꆖ,0.5251939778481457,-1433461929,▰悂ⶃƮ⥼罓쮠ഘ륂諕,ꝥ㥲㦱벙ᳶ牃㵷ᵆⰺ垈
two,苆荕茨巿痯ᦵ賀菑엹䨕,0.46824520371739764,-1404342914,♻ኪⒺ뛬⿅熘ɣ틈笞⯃,假麆里䲂㾼ґ㋐窙珑餦
one,ٽ紤㛯഻翟䔭酊気爰曄,0.47099139206458773,1954011268,參✷ᙦ鸗俒ჳⶓ뼽媓꟒,鸲뎴⭢㱈䰢켇䀨瘔⩶⠗
three,讫ר媫泡㷤蚼⛇븞춫㚜,0.1963270479123851,630659252,의캎麻㫣⸺늏⍟⃘㆑ꌊ,ᬢⰟ鑨틾惔䑎ᄥ䱽瘍㊶
three,䪎胔֦䞛㺸逅ꛗ瑖臛귈,0.8390135536513837,-1965698209,䶂䆃㦑娩ⶨ铱ꪕ㎼ꏡ蠚,鱪Ē뾖鐡쯂꓆ⱬ씤璚璕
four,ᒉ鼛總垊樓꽶삟뿟輩㤝,0.3250814956827137,-419041229,烥ọ竓旍℣砏㩝룰ચ綮,✍⦇桉扨顲띜蹌ṍ滅ḽ
three,忥晚읞榈ঐꁕ䏑퇵龊昗,0.9058232564784471,-57290394,甁乢俱쬙꠺闬㑾Ⴠ艽璛,憽絍클ㆪ㷓ꦜ艘셱荊婈
one,⚗枨ᆤ鬾⢧撞㲖ꨕ뎅謙,0.849160354468611,2105920771,桀⿮⬶헧뜶觭஝ꝣ퐉ᥫ,ꊩ앿͋껐䥦ߣĴ肭ż씻
two,捗黩皜红횁㓈蓖˚ꍗ溽,0.9023537784948681,-31757582,唥윛瑸謩넨묍轃兌缟됾,霑㨻炛ꔤ❑ꦠ궀Ꮣ㞻ꁌ
one,˗긽璾ངꨈ薐碝傘⟹툁,0.048272107129939235,-1853641116,릔冭忮Ȩᒰ븂蚿仙娰蠋,໶䆫⋬껿顈륋ᙊ饯⑆他
three,独쯍⿟㬢⠄傻椷妍迢脮,0.4947365744476032,-1936529718,장㐓䅷Е麾짱햃㮯䏺鶿,냧롩䳖僽伊ዯ臟缧㥨쌜
three,衶ㆥ櫜箒骅ྱ飿⇘習묨,0.24272397284328773,-1820558457,䲌零眊苐鰷㺤娃堋ꢐ㇔,譀俑쮸ꋣꉖ쭁塰⇩빊ᆾ
one,൷家⯕㍟쳭꺩냼玵ꍳ顏,0.4081975230885202,276541173,瓕瘯⿸䅒㚎⋷ꋤ囚埚뙨,棱Һ厨铗ꕼꟐ䱸趷姀惭
two,穣⎕둥萀褑翸꩖뼚ⵒ뵻,0.9542103800563316,-607141762,塲挏䡣堻뱷摊萝흲蝆l,⏊㋫욶ᖗ꧳谫鶟࡯퐂䒠
three,퉏࠾诨轻㖾畫▁ꛁߋ⫸,0.38738835211542844,-777850161,୫倅ᤶዞїⳋ晲䜔狟騇,吩穥깰ム甐焿龞쿌乯땍
one,͖麽骜墚弪礉쯕伝裟蛦,0.7592253960590644,-1705895307,癈醧綢ၹ삇䠠墩꿳ꭖぴ,瓑ᘩ鉝칂껀▨賘탺㶋╶
two,棳낳৞쏇汐譧ꓖㅻ⹵,0.5611416591734328,-316716449,ਗ꬀뻫藞⽔혼쇜맹곗᳦,钳㷡肘蘺蜉涱㴘礸⻻䈥
three,찔ᯔ鬹㹥샄ꈬ퓬民⣩洷,0.38799856967216517,-1881651423,☛᳁툒彮듩ᐐ┚ᵕ矤䬻,코嚬⯤⏙尩ŵ⡓ᢊ蜖ꮩ
four,瘷쑶褃퀧衆䎨鈵₼꺡冖,0.6404056888346543,-271880473,䉉ȵ턱ᯭ醼릫憆Ⅲ嚦鍟,펍殪墽櫩굆呆퓾Ⳑ鞂⶛
one,ᮥ둖朐椕Რ⤓ᷨ獏龸⷏,0.8154156743823416,1667435384,缛㾴탄㗇丕玢㆟葦⽊䰔,襌ꌪ針崽깯㠮產靁ႲǪ
four,톃뤀ꈱ㎦圴餱⏈⟱퉩莜,0.878347308150693,1451187388,依䮈㙖⸙〇ၽ쒜ᛪ㮡鵵,␉㱛ΐ됽⏄扗ꔻꭰ籩㯽
three,螵é臞臘떩╠镶腉邾㢴,0.9356188848256975,-252222046,㔑쳈᪾促蠓赪汊䅏ⲷ秴,毲⮪迿뱊蔽揌₌ণ⇩ᓀ
two,ཇ㦷냬ᑌ᫅찄ᗤ 褼쫼,0.4677555642016391,-1373867433,醣晡莱셸䚫籦ꭗ텳㦸ꮺ,鬽ử☺싃具굄᳜⹠䣎龡
four,骦瘮杇ץ緶Ꝑⶕና沱듇,0.21064619563307252,1623572014,φ᝹๷肔鎲痳㴭윣呒催,⺺ᘉ፬ប滁臍ꗧ馿ᖴ⿉
four,㧒唸樱㓖澗堯▫뾊ꧡ戟,0.852501879546621,1638555819,̊뮰澝㝣笥婜낰ײ워씇,㤅슨䥵揗ꎄ匓镅ఋ禈ᴈ
four,뾧瀡☠떏길퓌㭳喑脥絧,0.5654457502509744,1296960649,ㅎ蔌贺쯇霏汕鏅샚ൠ장,ꊫ敠䵴컫댌ை़役釄龺
one,뿃湷玦暳븝徨樷浿䣣ꬻ,0.049613858028709545,159383737,荟꺍ꃬ巁⦚쪾堊ꙣ韄✸,葠濰꺕嗞牊䱠ᜓ딃餻ꝵ
two,쫼斵抬万噋䑻㞶詽ȹ洰,0.9748995632691893,367927979,沞衠⶿䥟᧖곘㿕⊺᝵녨,躳꘮頫▉텗旡郓┅鬠쌉
four,벱꼳촆靆ಾ९챏輆鸁㗱,0.4823168318377995,755262049,먃䐉薀ꛉ͔Ụ㗺띈诤掕,䩟鋞ⶹ솩픇뢚苘솨薤禟
two,얋⾃⢾ꍨ触䆢젊ꘖҝΰ,0.18924223263407347,2080019475,삭慓ᤚẌ㠞∜瀓贘镀␄,팁⻃炮킌磄蝃퓩웷嗙컇
four,ᕏ汥뮟䶕▦鷑巐ꍨ렘횭,0.4311362344667098,1580836986,聫᠞㹸쾫ꔦ怱⇺ㄔ㗧㟝,䞵䘃鱱Ų鸟◠ᔋꁛᄭ௃
three,呭븓ᨏ傲阶䷷쫼㿊冋땲,0.9867228604301294,1382673397,ȻΉᯜ≦䪐ଋ웊⊞㓀株,⺆訅㖊힇吳愪⨢ⱋ쉅ᑊ
four,࣊禤琝蟨尒矟㸮햪瘢ꘂ,0.14190495771351785,-1271101916,邐섔ꇘꏪঊ肯ₖ傇쌂놨,퐧鼻㈰砾칩쪂悎鵢큰똔
four,ᛀ㢜補耦爰㆟飘痚逃渡,0.16891637662603465,-831183183,놙ꆉ鬹旡唕疎튡旂쀐ᒿ,鳆묋雧詼᧭攒Ӕꃊ騟㛀
three,⊅渪և槝읍⛅䠼楪等뺒,0.96147906741716,1433432412,௄ꎉ夑갋‒೔髆퍧ᔍ浵,䵣磛বꢲ쩔㘟엤恡蟱ꧤ
two,蒕漖焒Í넔孚ⷵ뤂쾱庫,0.24524876664064343,-1851809145,枼櫠瘖尒퀔狺懁枽啊촺,ᥐ⩽醡룐䤃ሽ彻줴痔蔦
four,旁ꃱǲ咻颭飓ꥴ亻츴澝,0.8824514917219454,-1267605807,ㅺ浄뵄ಲ㊆׷쫳蠮᪲윷,䁄ⁱ묝鐻獳낻㖥奙ۚ約
three,薩ᓣ冭젓ₚ狖⍲肼걜튵,0.737695483713687,-291767416,໒媦⁫㓇襨棲⨗确㎅⭇,鷵譓᠔嵿睌ㇱꔱም쩕帚
four,즦奰示檦㚋훲慸䈙賽ᚙ,0.2986131249379832,-1453516043,䉞㤠୪饑轷ᡜ툥犟ㆮ齏,᜜坮塧鰳滈踾ꦸ峈ῢ뮅
four,ᖗ㴿칿ꏍ䞳⤤꣐췓ᆕ麖,0.2009984655341739,29001422,橰颰쳾鮃蓢ꢊ羔́ꢩ策,끷炲㼷╆鬢퐏輆檶❅뽜
one,⃘ᕈ븺ꌂ곪⚴グᓓ᪠걢,0.03791392398765259,-859728810,樛ꉁꕻ㢖䤏ުॹ씱옛螨,굕ꬒ꼶䀕餜뮄驲疰码娔
four,汳류ꚼ돱漴魻㰕⺱ឣ폸,0.15301011814728427,-1103535889,鵻䀾쭊䪀㋦鍒줇鈢㮛㈁,ꂷ薒셛।쾖梈▁ңƹꛨ
three,情ꌩꟇ䧕ꥶ∏誹릠ꨮ麸,0.23691902226340755,-1611224274,姽嶻鉓甖ꅏ쪅쭵䨅픑帎,觛몆廓쨾繂㌏聎ô工⎡
three,鴢鉞䆴쭠ಪ럭ℏ뉇갚궐,0.9769174241502185,53298095,틳矢ᜉ딜䌀堑冪अ价帯,ỉഀฉ䝇ຆ茜駖ퟀɇ੏
two,泊ꝉ莂叙桜ᘵ㞴闂ᦪ졞,0.9410549915172787,-1464313288,㊹ꤸ髿큯鰤푅⥁랰괶캽,챙퍐娞ꐯ㟏㒷䅞㧾☐넕
three,ջ麳㭹൐暇쌍͒կ瞧踧,0.6532615616608585,-1878157580,‫࣑ꕎƑᜣ侭龡셌䁂ᢌ,뼢小댆䮄犰巫坖闺憥♒
one,ञ薅滚姖ꟕ㭯㻳軧切옓,0.5022479796533733,-784905019,풤㠞油⻕獙眴눊짥綥鵙,벣ቘ꓎朓觙₟ཱ焘荷愍
three,䶎銔쎨鐣೸࠮ᝇ䔼ஓ⾒,0.644103649103586,1769304319,陙⥽ᴻ餞惋∲毱ྮ↞砊,跟씖辞ᑽꋦ㵁쬊裡媐ᅽ
one,狛ႎ䕊藞꠶狦첥췚곋뷵,0.6469345907361912,190920207,帪嫼띠㴸㓣粑空귈Ꝝퟮ,珿ᙕ姎躨邿梉섟巯棐ↈ
four,ꅨ쯈関숢빃囩뻎鿊릹⃊,0.9517797513559735,-39421480,脗㼶莑챖ᖧ饤㔒䛿䣁䧒,浒ᮄ峓륷婁ᮙ쁱⣾榚엱
three,矔枙ੑ哫褀톁뙳苺㋞㔷,0.20307720749626323,1800633804,묡㣻Φꙥ첶몄멚婢鄘鬾,ၐ礑虳㨭䳽᱗蒡㯾殒䥩
three,裪끁᧍쯛꘳頛财엏∂듦,0.9559450115877106,1695147529,֏뼦삀앋ꌿ壖揌鏋佔ᕸ,젖뽆ꎌꡋ茌䕲꘧᮴ᗄ㲃
four,펖锷螩㣏㈨澍᤯뷼朻頑,0.8080557797467053,48993797,魵蓳⦝㼹轧䀹琩䏕疌욅,ऌ퐺肐퍡飪錙䓊∛▻뱯
four,ѹ郫盵곜磔ᇓ↘䪪洹ཻ,0.06866120257909769,814677134,僤薌뽜糘䝪鋆㼬홟ꦒ绀,얐䖩噬柔㢍섻핍ꭣ猜ꐸ
three,픿곀䣌㡮䉿傆挪㱦릐⫧,0.8265841411438456,-1401057753,濼옔쬦鳍ᰍ頽躈抎蘍䨯,ꗬϚ냢輤膫䊈魟ꁐ㖞ʑ
two,覡©Ҿ猼昒峻큈ࣣ鍶磂,0.08989093021235683,-979510261,ๆ쁜䁋⩗揩쵧ǀ䠋〘齲,踀ඕ甙ꓨߵ檂鄽緽茇嗘
one,ꒋ蔡ꩵ滙黍辤ꂤ슺₆ඝ,0.2486810287337432,1713551194,햦화荷눂꿇쮊㪚ኩഡ졛,곺ꏕ蛩㳳漘饝ꎽ炎퀴⚀
one,。樃䇏촀ꗉḬ豃㗄腂༲,0.7748098737499468,-1331662017,枟簋鰜⢺휸뫐〕奴쐽㕩,㙣⍠旸濩⹲騂⌿袓확䷛
one,笃铩䢦뱴끳ࠔ혇웒ꢚ鐽,0.5249097288122332,-1223725550,塆䭆槁ꣲ❆魖菀첀豄蟝,ꮼ➻뙩㧅덙硻朖敲⧋跍
three,傉袍羞歺깙鏠約塁柬⻉,0.9978408000303385,857923769,葿녯荚ꤱ桏㆜Ⅺ闚ꫜ嫈,⬩鵌ञ픀途ᛙ熗鮗ⵑ姘
two,棻迟얪치枤㬈쑫퀦祛ᖚ,0.3454046007460799,-30384925,蠏攠쀍孷譭誸᐀➆䗐ଡ଼,❩ꑔ긨佰歫횱䵛ၝ␧謑
three,懁랉掶뫢䃏뺌ᢾᴨ낍Ợ,0.8023856608815243,-1400918583,㉄吇돽洼뤧寯ꛅ啅묄蓑,᫝Ⓜ산ꘙぎꮩ깲曻忘邭
four,࿷ㇴ폩擧죄௨뻑뽮嬚䲂,0.9495753106249232,976538776,瘯₌晥朎ᄊ廾瘚鐲ퟒ癭,荷䜦Ⱇ䥰䠦ᆐ袡뚼䙵믽
three,繈փꎍ៿犐䦴ꗭ躾냍넁,0.9241396952838206,322148537,Ⱈ蔳柚进⥙Ά쁒ኄ豥澇,罟ૃ꿃诹鏚痥ᔊ䉧蜀뙹
four,ᄾ했鉊룇Ŝ˔ᜁ癈有ᨋ,0.0368878763433117,1751438726,ḫ盅䡑᪑믒ၑ뉦Ỷ富輁,㊟厯⠜ꋛ볳煷庆굅䰫攳
one,혺竽쮞萵钳㱮賾靤榠䚱,0.2619992690880708,1016062524,豚읙騲ᘶ谯㾵瘳脤駹類,䝬毟厱쬪ⓢ㒛鶡᦮䃕흎
four,땙똞昛厞㶻⚕욜曄萲膇,0.06096402589273764,-1502640611,嚆씏呢蜐鮅ᬷ舲셁幓䴽,⭠签똭堼㡐㹿珒푛؃얭
one,穯鰤䈸勻㟼莖㙧習뗰浻,0.5144297708985082,265376293,ჶ铿땴鎧⹨ᩫꟺ㼹蹪ᰏ,佔刃檏莄Ԇ嗚‿麑鿾ᔃ
two,«ꌾᡚĬ㏫嘡ą臐毚곪,0.1577341305299519,-855747904,ᎉ눾뼓庍㭼틗餵뿽⊋኏,ꣀ諝௡꥔䰆ꔄ闱㫠딴⇑
two,曚랐ㆫ暍尗⠙씻璹셭Ꮄ,0.39937393264125454,1407543132,盙箲켔嘉ⷎҠ绊Ꮋ齗㳯,鑭舧䵙♕ᝅᢤ혧ጁ腃휭
four,⦭⿢桕즩檩稓齫ဇ袤ލ,0.16497199159674403,-896507178,♞롪少稙矒䀠㸇ㆫ∌ꉉ,⑥䐨㚫峐⓹꩎ꔃ㤆⑟鋖
two,歛-͕ꭊ쒄ꩢ꼇躢砩递,0.7091132647596226,-1684117747,镢ĝ桌犗࢓웲쮼᢬檋㕊,坺碥⌢䰧蓾콼봦嚛坓钛
one,ݸ᝙提鯡뷰萷㕜ᚂя᝭,0.8198002025913699,19500832,㈠걂퀶ᵴ뮦轗姏ᎆ떏롛,诣ਜ쏨ਂ㞪芅駽䰂䵤㭭
one,ᡀᨬ⬡뚜ὕ瞧뙡ฦ불鹻,0.8501810719031361,82946623,歸慃㺌毯袕᫗⡳谏䢄哠,噳黗⚃戈弖禚⋊㖧됪䔘
two,蹛슚ং䕬⣰떞㇫䙪᜚䒑,0.6701029950632222,1959919526,凶ᯤ⴪ ꅷᯠ⢊鸒䀼⊗,ᘢ삸⋙亊䰋舔壪ꄍ㦖屖
four,내ᗸ皹愛뎛괷ڃ鏦놺ၮ,0.7368575091821724,1863966821,닦믝戍嬳鿛⻩䫀砲ᦁ⟕,絗㤛㯿姉桻⩆赊ᰈ蟭貀
three,鵡乙ꐡ뇄甴첛㇏緧ꞷ泑,0.7765249840280759,837601014,漮⺭ꯪ⚉趀⬙霪䇺皬ꄖ,杠ꥅⱾୖ楑䱏숍夌ꚩ⫱
two,ද䥷抅䔒瑠죍赑曡豒鷍,0.7233954302151783,-803871247,댖묯験舑겹쾮李憨椱큰,歨꒒㊵㺺૧◶㫵ꑍ杽䱷
four,⪣ꮴ쳁鼸ᣟꚗ뢈⧥翇刈,0.1542483881578185,-659768661,毜ꢌ㌍籺ጠ翗뇹孒颵₇,햵쓂鐎㾘뫧⠨ヂ鞶넟芻
one,櫺擂㨴錋㔮럊厛寞捦廇,0.274626093963269,-199793965,꼿≼餺┗✉±㨗켸ⲑ銦,㬝屲哣⯼椿泔큁椏陀竌
four,議吸ꤞꀛꐙ蜞芨瘐✆䦠,0.19185498806244883,883154943,୴훱㦱픨툃漈⊞聽鳞嶉,阅왪芃厮鄂㑠慂耛䖬裐
four,墡ἣ帄侨ᘫ豼❌ṿ˳뺬,0.5800517682360371,1173071427,㕙犯욱씅킶銴ⅲ똯搻᪽,廠喋厾깛Ἇ얠荈ꥡꅋ⍐
four,ɏጽ騽둉䠱鯢謩绊䶢⣲,0.32379980153378096,-1899163838,귏欢⿂帚ꠐ醹㗫Ꮣ꿼姀,輙ⲇ㓃씱ʳ㐩膹嬾闞菺
one,剈共䠙좞砗ꢿ䰲꟞⻶⤋,0.10479720102781354,1235853671,䳊䲀撥⍇ㆧ蔀骪ᥕ楃ՙ,剸賺倘ᱪ붚딺놋憶醊쵎
three,쐀㳠㰠鼐ᇀ솊⫍ᚻ붙쒨,0.8861866778191766,1600789277,쨠㱜줦䗛䭨洩檩⬳䞊⼡,ꄼ㲷㉿晸ᢿ땾큩㯱쒘걹
three,悐М啌ܰ㬔꺟皌靅㠴晣,0.5816613172482747,-1215828933,ʴঢ祗볝쬗믜囋⦺핐ꃙ,愔洩反붱놟⟪㵻ꖟቚ齄
four,ㄬ⎐ᦦ菈춉ᨢ辑㶚‎ꄶ,0.793744087113513,1466158098,Ι⿬ꊤ청㧨蒜౹躃Ꚁ襝,෩掿 皁꣝鵍夘↢粖䳚
one,䧠횃䨋̬⡌餝鲈≢ܶ݇,0.23853503162030598,1860270253,ɞ굈먕텓媡⍛㙘둰⊧杖,氙ᐮ翱ᚥ⇟먷遚౫헞灉
four,첪ㅪ⑵㭙쭚緛⧤㭝ꃚ튡,0.6167457817368716,-1673595834,챌뵫꬧觚媾닎郦诨ް奧,ᷝ쓳傯ଛꥃ灌偞䓗岔貗
two,蜳좉剸烚῅껗㡐ʡ༚⃾,0.11282795398709677,1647958023,㡨ហ扁쑆씏΄认良䀂㡵,榏攳磩ɔ褪属㲛太褁᳅
one,꠾➘殊䑦㰲㬊⍔ꐍ쟒⪭,0.9917589075002986,-2108809342,㴅书攬齐藒礩ꝳ촏鄠ق,␎ꬪ鲺㰋킙㱩筇尿㲾肫
three,ࣨ솻줍螁秽얦䋫鏳㽯뇭,0.86589119505626,-1736427887,Ṫ迁統㚱㇜茵愞鴽唋ᾝ,꒜Ӣ㛬뤆䲧슎愀㶖矃奫
two,伦ை⮀䥄螜䕂韪엫栅㜘,0.8608653378170177,-2137021578,⏰Ơ玆ꁵ箤럃쏦ਲ਼쵸⃼,腘ᳬ詩콿⻷覃ꆄ㉶䍥旺
one,桄〟斒렲꯯䝇⃣ئꤩ촯,0.014211012312484672,-131960458,籦铂ꖏ༁륏翤冈ျ㻯〝,ᓡ灨訒䲘᱐ȓⴛഡサ尠
one,冶់ၽ䈘౒䨒脞錋쥐鮣,0.4654337238567251,-578546624,讒腕㡿܊샺Ꞛᢡो䁬输,禷鈚瑀ꭼ㚬伶괊숈餘ꇈ
three,⻹ㄗ雇朌쏟急⸋硿긞걓,0.3944818243324598,-201856282,퉿Ɋ㶟忯慥Ԑ㏦ᒍ騍鬇,귤ᕩ艛ᡙቧ곍⍕鬹긦䚛
four,͕䠊䌌郡膉媑戟不㮞槄,0.6282806637801072,1101619501,➶鹰꫍䯷覯´穬콫໗ꑹ,헶ㅡ疖ㇲ摬鞨蟕콐㜱㑦
four,᩻⤧牿퇿棷ꌜ⼊⩣걊큭,0.6962723578875487,1927676028,㹑㌵䤇샿薒䒉ච㧝刷唳,㨳弤욓矣T䇶п詜㊻ꎄ
two,陹儡쎢꽕悥䵗꾢ᆅ఼꫞,0.8384403568129439,384507325,❰䴦㔞樊뤡䚛텇㋅粽鞺,୑য়ୡおᇰጛ쎯狨쟶켓
one,湿ꕝ壋캂ɠ蝌쾇릾㭀⇷,0.26422752195090804,-1617016862,슠ᙝ䣋堠⊙ኻ睛㍡鱧촳,〈⮣刻ⳉ제풯脋랆䐏㯃
one,쵇먈膲⃧䕑쥌鴙㗔舧枤,0.3426772937646113,929086188,뷀孊㪐侧൱順늾沢怏뫒,我ꩤ厎芮囜㉰ᐠ꧆뼤䈲
three,庰䗀휃苫㾎옵Ä螌蓺₴,0.09257789559637153,1345910194,ᅙᬐນ犜신᭶伆Ɒ⨖ⱺ,旎჻陓Ù麱䅓븘䌓新ઠ
four,Ⓝ惑㤷걥 毲炥㷔쯂䋔,0.574863335180382,-585190225,塸ᮬ兽妲䛶蒳㿵删ꀞ겹,뇞햩ⴔ⡟ᖐߦᏃྺꨑ蛨
three,᱅฿鸭朔♓鬇ꀶ䟰ԙ趎,0.024758981916994993,-1544285537,䚷ᎊ헤᳊ᪧ果⦅詜撘归,뀞ଋ鏮뛗樱爯䩈똖쁮繭
three,窼赣ẍ≷⬪뽹懇獖⊉흊,0.18656539771241976,600831932,哩䵳㽕簥俞찥⅏觅ꑇ먵,柘ṓ褣坳㶒쪥꿶䟹䒢舽
four,雞봡ඁ퐚鋮㾺쩃坐㩗람,0.9124015399217936,1917477588,媧▉飨熔퉮奓䇠兾ㆢ슗,뙿쾋⃡撰Ꙫ璐ฦּ傭觔
four,䞙뇞돳䁴ಶኯ첝趔針䜒,0.9384395526616384,1862337422,툫㷦ꪃ洲汵뾥⮟ꅀℰǹ,떤㟻介鑝⋢趌劫螙̆㯠
two,꣒㹗穊壂鈀鿌Ⴑ퀛䰔呝,0.6786929915580244,2015568795,럷桕颩梴糀트ඛ䶑熋ꆚ,밃໯露Ⅽ诽োၻ䦫흧ឧ
three,底⏌㐮⹹꠨䡲啢ᶿꇧ㊼,0.1717182193163057,451841191,ꝯ፥髻냾둵㏫ᆋ쳁ᛲ쳬,鬏㵠∕颊➉ꔟ⾒ᖂ䬒࢚
three,ᱴ⨥ࠩ㸐ᥦ爺ᗥ䫍뾲泯,0.43460486656065145,-2142371007,뽢퓶⫓짊ᅕ呃텱喪씣劭,䞶ૉ㵘씀Ṑ⹾꠴냴甲䉯
three,㠅ㇽ磲¨ꇵ묰ሎ赦㍺속,0.2922451030911175,1982178071,尳㼅桱얔뿴⩔撳䚃〜냯,䆇逵眓⩃穑蟇藦ᨠ㝏븻
three,ꂦ噧쑶Đ熝璮康ۑ፽㇎,0.5918340655199503,1645541177,≑抡븉絆⏗퍅䉪숷쫒⚕,첟갛ᡇꭼ碜ᗙ眄꾠㶾꿿
one,ᥧ揜譾篥䨹汷讓뵔膺ዎ,0.0968260494870059,-662462147,눇鹯衽룶횏艐㹧ᩃ騩隙,璍溭㷜绻뾮拴籾砖ᓻ焋
one,紌ង쀬ᒧ䵛ࣗꛮ쿁椦붐,0.14824336478499534,-844639105,襋´骄䐇崠⸛⪳첉뙝毴,멣뎿뗛䠉飄臃鹁袠那胤
four,菬ි站붵쀋ᕱ簜胲 ϔ,0.1744070336062341,-60266803,ꃰ볖ᇵ欳弸鎴䫦萝髃脧,ќ໰䵼ྣ浔䟒В霺ᔱ쯺
one,꿗䭗宩鿫伮퐞齼碛㳲鿘,0.350459839921356,-792474050,䒍톪ބᑜ쑛㥠㕲퍪笟私,㒿婶氂䘫꘭ᆭ淎㾅ᛎ뽍
two,勝ᗫ⼶훥쓻靄⯑鳗鸌,0.4846816566656519,-1988778991,㌈㶼੅듶۸⍺쑓⏑믌嫕,褎땆뱠뚌[✮킈䙧ᕏ숢
one,藭㫁ᚙ煊롿玥䂽⠭륇顑,0.890076043521419,-2139406667,ꖜ쿽⩃툗뼘飅ஶ⃑덍ங,嫭殈ᰅ싛闊屒眼袮᦬⩈
three,삏ࣩ垙⪰⨍뱍솛ŀ퓨쯤,0.40670643052441835,155335026,㳑➴ਿ鮀⧅ꐳ⫴챀룻੬,瓢믾쫩夢偔봭᥀斸栁֟
three,嵟⿢੷뜲锟璟娙贇⛟彩,0.8061988633085538,-1515692459,ꍰ랟䚲䫫뽜ᗵ濜鳷ɢ酓,犛骝緐㚛䚘岟઱ꍰ噝萏
three,龈啯갧ଲ싶ꬼ뛵瀧쯊狲,0.5531264477465827,-1908871367,噰┢䟂䆧꜓祘堎୺먊嘠,筫ꖲ葪斳ֈ蜶嶆谈祂愉
two,旨捡ࠚ㤒六잞ꜵ赛㟌Ꭱ,0.7551320453455588,-358626002,⩺絎깆蟆둔쿟ј俅㴫塼,瞳댖泡䉸鱕䌡쒾韡頟侍
four,奅咖ञ卻썠蝨䶼쁷㌫轻,0.8454782098016338,-139589230,っ긗挍핓吆鉾修츗䧍ࠚ,ឧ㱅푆ர㟰헴듕氿̵ꞩ
two,맨裾澧뢂銃貂㳻ℜℏ럤,0.19061143706612804,1080431244,싃㿓棡チ鲰亷큹狞褤䏲,嶽㙂ꓤ෯㼽腇忕㟝殦䋜
three,訫ꇡ䬥텹꠶랕⺷켅蔗蘀,0.2671518247112913,-2075165486,ꚹऋ篃ꪰ⯒壱슐迮庠姗,౮崥䣊竓廵ⅲꞐ綮隑聟
three,ଂঀ롬䟞㹐릞闷톎噏嬂,0.9637142971508383,-901941539,槛ᮭꇜᵞ䑏꾖璉䝘䬆䌦,䟮ి풍벂혺輡쥛཈↽亳
one,ᠢ쏫ꩿ库ᐧ맷얦ᯄ絜ྠ,0.26800232708180016,-508574215,盝ꙵ塝뜟륍͖ẍ향鄣⌇,랥♌鸚ᔃ勮ꉉ홐뱵烛튠
one,縪┃燶䯨넁࿛ᨈ㭙䷭࿒,0.604435878252756,102226901,浛ꤑ躣抪걞䦉뱱舙檁䌫,꾤စ᣹䌞撹중퐈⵾蟜ᱪ
two,浹䔚㞭㷆莌㻯斆稕尝醵,0.5439628811673307,-183784583,㰨⽹깷훕奵쥾陨അ癮℩,꽻辵嗓ᐩ甈뜩ᷕ虥摦ꦁ
four,Ỡ寊꣉዇뵔嚥봤됿뫕䘨,0.05669707252743206,1905424083,ꂧѤ閾㡴㐎얗駗솫䂻,灉翂⾵⤏尹䪨椦钔챷ꠂ
four,ꏘ䷷孍樺党슽෪㰶覓כ,0.3026199574437387,-1831900616,əꝼ鳤棂艤댊饑ࡒ㉢㳩,쪾᡼ⰰ圢쀟䂴䅈䩫㢉夌
one,靏ඌ棭쓚焝ঐ녤莊쭽灸,0.39056352561559726,199201157,혚怼僭Ꭰᑱᗴ咰࠾ⴏꎺ,磧뜄Ⓗ뷡뵚芁阚㨚૗늢
two,왍휭韚ꏹ侊Ὃ跔줫㸽缶,0.7384769950451764,1611141843,疑缺ꫛ汋방駘꿭⍎关始,粛䟜튢ꔀ獛鯪㱇藴皒捽
two,拋榽⟤㜤镇讣猞၍뮲敟,0.2607005859955982,-1482378037,펊໓ᬓ⩶‿둑➵㽔澱斣,೚浿宕㮅紏跣準髦㍂췣
three,郐틛丁❙䯊Ђࢿ祺⍍橳,0.25709741608268155,1327110948,᪂㙈纐㤥ᣈ䓏溨撌铭ዟ,㣂஛碅풉淢倽늻濾쌂豨
three,僶긚霡뽍ם煦䃳펳䣣뒲,0.8851582646655628,-2103844392,൦پ餶옲죬ᔞὥ뾚푋䤤,곍맞桘돼ᔃ脱䑌ꭸ蓟지
one,ᙒ횝퀔풏ꫳ佘ږ鿣젃⻅,0.6236427586214058,-133797882,䖲⟩薲䆷ꋅ㑴䶇鄷齊垦,迒䂼្ঀ᫕ⲵꫝ膃矉吊
two,ꉸ鄴懵Ⲭ⚅௮熷횉櫱嫕,0.6157023368513025,1843445151,⹷茕巶㰁쳙㺉ጊꜢᏜ矡,꩝䏸諣ᛈꙧ甑䤒ຯ⿙ꎁ
four,혊ᢓᘲ裮抷麅ꑨꪇ㒍贗,0.17729963208289912,1618694998,몀쑶글轂榤齨ᔲ덟쩧㚋,熫ꓝ롇䆚鵔褎腺鸼喗ꢰ
two,ᏺ넅낍榛儱躉⪇ྴ靚ಹ,0.8079369723102958,2144916076,푯褊痕띾䝅ᙃ鲌틌棛ἷ,꧜ᓦ⿛䷁ㄿ薊跅㙮ꇒ詶
four,씵Ⲗ濛䫕໅筌ㅩ┛椚肰,0.19812975357504992,1361539645,儒룔紸ឧⰁꉅ斐䵘쳛쒧,왴룂ᆮ焴앷绅䏙ῲ侯剎
one,꓾櫁謐菅廭筣踮烘펹ᢈ,0.4898718108967782,-1192735792,ڝ翽㶍㨝⌀㔠褒꺻籉鳢,笢붗웯傃ᩰ㥺᭑དྷ䛔주
two,뉚뺢㚄ኩொ辴醄벞ꎩਆ,0.4770237885419458,-931127380,许菥藒㑗蕟獯壉괕융溢,⨢▀뤸㤥킓閮䡃꒜悄깢
one,袊ꦵ᧵췯깼轧촧ზ᯿賓,0.10047959231572368,-964243263,谱뱆컧ᙙ莪殬蕢媀쥝ᓣ,㱟劝胖○늻彫낊䯫篺碇
one,䜅똔Ꞁ綶⾵ଧ櫺碚咦깧,0.8033529483355608,1873678120,帻ꍊ㉞฀Ꞝ㌑嗲ቮީ瞤,뷫ࡹ̪훿耕䫀菦鬇更⻙
one,䓋៻舱캈᎜⚘ᚣ䷏㈸璦,0.41989134826769425,-1793957887,鱞荠삻䴋鮥ꍯ豙ⓨけ븆,컁ᤱ푅ꓠꔢ쳱☎퉠㌛힐
one,⹢쒔䇌⣄햰౪눕箯뱭㟇,0.019883346676689784,-1462342713,劎箍䑸쒎ᦵຂ뺔蕖鞾ᶿ,辗㘾贼ᚼ꧴켟⡒턠聾⼏
two,밖⛫뎴삥汮㤭鮓搫⯇썚,0.35053861427184174,1070879423,鄪椟ጳ쮠澯舌㎥㪗鳞倈,윷녞ᴀ犎뾑パ⨢蟧愿㰗
three,늃璾舫藁꤇俬仓根⇕䀳,0.21246017129517325,515852154,⡰쎡룪謍嘿恶웉鬕ַ盞,왌盵㕍骈䪁뇘蕛氢⟟ᬿ
one,鬥晋䜷볮↲燩쉅韫戹᫭,0.8097527168271705,559868284,읟鿊冟텃1歿弽噚득௚,䗨᙮ᑒ吟୸橙ꥠ∩ྈ鯴
three,୷㢀믁赿ᯛ䪍➜鐥뎣욖,0.6054210526187608,-249930101,㜏ᥦ툝晋际섌➻翞织ᢢ,йႤ㐵Ĉ㥅鯱㏦臣ሥः
two,맂䝓∌業⨊뭹ꯡሒǠ㄁,0.05066967164000591,-346945744,קྭᰈ펪㓡枰ᇁ衜肩㕔,묋壄拑䉫洆鶅筩᪈圤Ḓ
three,䎩툈썡埲㴑홒鷚僆撝昡,0.5658245143265099,919696233,Ɜˋ簓及鱡祤艮礖햫꿸,햊略抠핽瑜哔膪㗬ፘ鳊
one,庚씇饮꼳茿蓚⧣Ⱟ鉦⓹,0.896995314006455,1172307628,퉁屬榔笶飾层㭒Ⱉ춅葫,ⰾㆠ삄ꕬ횕릩긬鉵释㹇
one,굂῭ꏦ蚽뭛届뽇ꗨ᷾秀,0.41416933579900495,-1530673501,锔͙봖黁ꡑ殌䘉颇곅쬘,鲺೮둽鐒鬡췼⏼呐뀠蛋
three,Ᾱ쌱⟑帬䑻鉘锋滟㌖涸,0.8311061448285495,727291458,躊忳⡝ሤ△ሡ혗똌晜艣,馃鷛੆臟蟔鸗頒ࢂ䏹扨
three,呏ố䗽輿満ᄷ贩捰쏷堾,0.270748492589873,-2084802767,磟患媕빌耫뢓之덋쒛쑥,⽉뚞쪺죬蜃៉ᮼ䐙뵓ⵊ
one,ٕє4橝㌘࿉怨탁뻉拵,0.5525789688116363,215655842,ཆ⾨齍尌Ⴗ䡞ሗㄔ幚ᢂ,㺫腵ꓳ뇢噾畑䍃쉩鑐快
two,속ᇚ㎲⢍౜㲕뿖奼ᲀ㳽,0.10016472219125949,-1740269830,ꠅ섡⦖䟽㺷㟁囹ꑯ揣曳,܁乺倜螤퓗躊볎戸ꒇ䈐
four,꼼⏜軠樫샺≁ᙃ◠⦸槬,0.4796526475052547,2032595462,䴋ᩡ⾿邻語磮렠阶粙舶,쬿爺鍧䊦꞉긒뎌녨뿚鬻
three,׹琪ꘀ覦葴ퟢใ瑂뗚䳀,0.25749975255509094,1251794834,쟓০윴鏣䂟탂䣪殧ᕯ녈,伈攳鶪贾綡儺쳘䓀㜹炝
two,鿨櫰砒댫蟳辶Ȭㅑ쬶䆁,0.9190599885262211,270609553,ᴱ㨚鮷㙅뿊毁꾢ꊚ㷮箚,䦜낄톲혔圙챷쾞䙄臢셛
three,츥奇ㆼ뉳Ễힶ罟ꃎ斄灞,0.8844629166011695,-659459262,ᑐ皬鶩渏䨏泅꾱ᦘ䙺ᏸ,≞⏩⬭옇࢑⓲鼔⇬熺衃
four,俨䲬၀쨈ῗꅿ⹙쉟觨냁,0.015473419579038472,-1169934604,骹┉퀷ꈫ堾成飻ꛗၢ芊,部줨嶬癡쾊竗쫜䴁陮끴
three,솼웠㱼⼀컣▄䞿㛜븸ጮ,0.2894632379240266,133989965,뇋狝ᨯⲲၘᅖぐ쩳֐랃,␀孟ᛸઘ畁큷ዺꝏ䁩쓉
one,抙焚쵗ꓗི㟹됗ꘗℨ䜿,0.6114668782924773,2120815186,儨홼閼ₖ忭뎧綱孬垄幈,켭겐헊ꉟ䒪ㆬ᳾찐쑧켒
two,뗥䚭䕭ם㓐ꋉ䦟Ძჾ뇠,0.19948922604742658,225528945,돽뺎㦈阀䳹㌖뱧捴礭㏅,ݥ눘䜣䴴뎛乀᏶⛡뙦虎
two,걤㼛㏱㋖⦿㲹˰撴㕩楓,0.319003557794569,-1490412444,澔礿Ἡ䐒혉䠣뙻慙맀䮛,给⁦읕벇༕朴楒㞾寘䙲
one,ꖡ寪祉诀ꥪ签䆗沅鞗楖,0.36210799921070014,-554588501,ⶊݚ║↵䔲᯶벃憽詺ꐩ,⑐흑ꃚ൓훲ৄ瀐㛆폟䨁
four,ᎊ韚๿挫ꝲ摉᩺韙ꖁ䛜,0.20624745179131676,-694255904,鑝ᠭሲ葈猅ᾋꍹ夲ꩨᨒ,듘픿誋⪱똓⊂쌩捾퀓签
four,ໞ᳐馋좫颇䇽尕ใꍷ葍,0.16159914361354166,132713791,ࡶꓷ颮뼆橶풊鿛妿嶬ߖ,緡롿ƟϟᏓ䲓牺풽Ꙩ㶗
three,ᔞ䯞ᥗ泆뭁蟂⁯䴷ᩛ꺇,0.8368124031825575,-248056554,쾳卣헼힥㵧㐹復䃓ꦔ螱,녤嗽꒽ු軺㘟镑拍蘰奁
one,⹑阧똹㑹ꪝΏ㋹㞕김얜,0.5936312473486687,1512536567,掩㍫ꊸᦹ厒଱盺炱衚ჸ,䞾撏냖あ嫫⭏飗ऐ뗸씐
three,餃禕퉐좡娢瓜Ꝉ鑻춤馫,0.025886511724631744,-1720235044,ⶆ䝰貁Ꙉ냁杄⎽怅鿸챥,株艍ꂚ봹漉⤑鏚쫤죬鈠
one,㭌豱뀛嵚檤Ⰺ瓅ꮪ펅뒋,0.4080118378089871,1628591786,෣韍꺏궉嗔㗡곹괋⚀븙,咇ज़爅夒ꐛ࿀ꈢ鑺⋘䃲
three,换ꑳṖ㡀濬䶆ଉṱ싎䑥,0.6780998250381132,475938732,획枖㠞ⵉ綁䔏Ꮑꮸй㖽,䣱襇⾗࿷獤鑆य⹗潩趟
two,糹ꌁ얂艢몂ꃬ搥堧愦幯,0.4095563594372139,-1878936577,䠥᠍㗢䩂謙德෵欯滃唈,쵙怐쐌氶촀㮛ᐲ砇躳핑
two,幊ꊽ쥀ឺ풜∿딒씇挺᳝,0.7902695271718041,-607675126,祎믬㥣㍦⭕拋꼸溼䐡쮐,폧瑲ᅌ쪴芔ᱺ범쯜⮒ꜜ
one,餖罦퉍㓞罼᫾㮆ꄮ릜畒,0.6243195115211125,2036616306,鲴㥎㇌餛鿹뤣肊㡾鷯犺,莲㰻괸ᦓ鼖ް뗒쎘뙷뗻
two,棯䙤⋋部郠Л쑫冁鑼ퟔ,0.9986081450028025,1328727851,팞亗泾뱰૿ꙵ赓譺Ɨ。,봨ᜑ힎梄偯庿싛ࣣ䨟郁
three,侧貐ⴡޛ岵톱璧䔿鎍쵊,0.25422556912641947,1934432150,彂寗炱澒㔫蕽䱈☔墱,瘀ॻཊ形蘕톲斌橸〻氇
three,佭絭ຶ⢍㒤娅莬篓倶河,0.5505942016550555,-698742574,瀓葀뇘箾뉟暣櫖ㆲ䧙꓌,泩饗ί瀏켻퇽鵊鷔ꈬ೿
three,炟ᶭ鴝䬝雑簏ܚ簼䞻ᛏ,0.4100636665176094,1805218205,⤅꿣Რ랖裔檮툏㪸૷ᆡ,㞙뻊鑹琡뇎獻粉о맾濴
three,괈屉抰駧䦰⌺罚湡爊纀,0.9280835867902498,-1305652355,ͅ呦쩵哉壜刳螽燶濛ᱤ,뛮ᾙ휆艩쎶̣쥻㮫닱㚚
three,吀苳쏿蟕癿㸸撞彼㚲爲,0.5240416277461939,439294741,㢴镹ퟷᚯ讨걜❵鹸읇붢,ӵఉ薹鮂劆聘쵊좮Ꜹࣰ
three,檴谄ⵘ㜛ᗇᨂ꿿㭮ॅ턽,0.44760857051104475,1246580929,ᅞⰋ඙彅ʹ̥㛦幃깾趽,螱蜍鹃퀿ꌛ峵૔돼㹶ᇴ
one,쎰彵耤ᡛꘈ叨퓤鱮疬웷,0.982408914760286,-2027580172,䒌寎괡돟灮鍕笰兲볼惶,줸┢吇訹該큱뱇䍐럣礧
one,뼖ᅪ敫Ę娗肖枺렏劐깰,0.43902277312594573,1431431666,쉬잼␱˵Ӝᥫ揽勒㐿轢,㧲溱ষᝒ랚쬕쮳⽯贰殎
four,ੇ갢浒갔觮횡躡䓵樓㝉,0.9104779955764007,222731477,락ᶃ쳪̳ꄏ஖䴭귍菃Ğ,낗犬릕誳왆؎≟儭뭀嬲
one,㫳杦灬鱀듣セ䂡㧱知卒,0.24318078228916684,-751195642,놰쿠츀ꊭ騤슢詂ⶾ❡癚,᛹틈雟줒項钌柮뾭磝Ꞧ
four,笷蒝ꦅ읈ࡶ쩛슬낭頛⥇,0.6017341048577682,-1284649597,焨鿚熤姞陞㍇ꢞ捘눐燽,씓偣⵱⛧玆臬粅釈沐諳
two,쫊ᇚᓠ絈涯얼ꭊꚎ싒㗃,0.47729156394151506,-107635270,윇毰碹帚鹆탋橈쫩꒍䌭,뺭咬ᴌ毌뉍돢靉췿῟皒
two,婱덉땥攈붂찡욤ങ殦臚,0.8652896005826579,1093642167,牒Ⴥፕ婙㽌쉒격Ꭶȣ킌,ԋé鱛橻帚ד탭♳顤䃞
two,觚Д炏꠹유헦㐱뗂Ꮓළ,0.262682170293133,178230773,肱⥯ꪱژᇟ뵵亷烨罗窯,ᦋ럆䪧꟫᷽煩镎슅䛔䶃
four,曶ꆚᒈ玔ꪊ࠵홬忥詒Դ,0.5179990616081521,-1324054755,Ꮂ폒嵗㼕誙돾㏱៌蜸哺,勖镁䝲忰䔜Ϋ⃙ᳲꖙ롋
three,봳㍣茬攵厒熖튺㡀끶ܝ,0.37930494703371975,-1985548180,⒔Ҧꄞ汾ꝋ冴붾쀞෫퓹,方䧛懍㺻銈ࠇ䨩笪腿ఫ
three,틩䂺ꄌ鄹啠衑㌥槣㡨늸,0.45602184496953446,886851485,㦅喸婇̬ㆨ휥㕷鵙⾞낣,ᴦ遂Չ젩弱婯愕Ꮱà᧠
three,ᙩ쓄࢓ꏌ蹿⿅늫翡ㆹ㬯,0.3553918752725208,-1302181241,亦⩒濚捔僺툅짉勣侦䧿,ṱ厎䥓躗坥삧獴塴胺蘿
four,쮈뛃叶봍釨錍ꦀ❫杆苟,0.6830348674949982,-1964269865,甇ᑥ䮍캹獐屄ግ∡栍겙,̳뎓⋡溴 ᑖ饺㭡兞㳣
two,ద꾱槉횩頄吹諭絬⋥㮁,0.08580818640260324,-2080718205,눲빭앹囫矋풏䪅묝ꎝ榑,䝀栝쮖硸膊㠜儈鑀⟬둫
four,뱄చ嵧ꊂꯡ픾諝覞➿朓,0.46682814914675774,-814453266,฼例荣堗Ѽ㞏噓ⱁࢾ杍,熼痮ꬭ뇱㸛쀨ꌆಷ퀮侬
one,ꙟ駴荫퀾蕖튍弉ⴘ橨㣷,0.7311079896434668,-162551081,ꂉ슨伡ꐿ畫挔ᥛ罥햳蜝,艇꽝풌혝⾢븅ჟ橕䬬袳
two,떮靖著ꀈ嗥⿺멷쇚⌄돶,0.45144463356782427,-1403089016,Კ콫䭓젯῱射⟥䍎趃쪪,行벼뿁覴稶扮㫁㗚躩╦
four,ꎳ癕乥⋗餗㧴ࡶꓔ῔䣬,0.9289010341237569,373281755,㤾몷骄蒚죻糖䍤ꛓ藣씸,둆妿уꌡӔ댁礅襮ꖶ슑
four,ù垉졺ꤽព連֊皇䏡虅,0.21777175432098606,11462165,銥Ἥ꧝ᆦ彗瞭㓨硺淭䇖,膌╏觱꾔掙␏厬뚃㳿ꮄ
two,֜㹦ᤫ후瀠燋녒䥷脏磃,0.06337630182142939,922210215,삸鉣쪘⼔砆联봜륧謔옩,圓櫡묀䵁篜֢ႅ嗊黏
three,봱ᢩ䙉杗쫆ṡ䅍䲘᫴䞼,0.0015899047451735093,-10047921,猍舠뢧錝栲眔⫓샕瞖蜆,惠뷓腛ƛ䎼罍쀷鈁艷᪨
four,㬫ජ垦ᱞꃞ腯৖닪펉ꢛ,0.8167987126017878,815453240,⿜툽南匆뺅춞ه᲌ꯕ隺,ꔷ㦏垄筰⁅拆䄔旆憲쉮
three,뤖峂ᜫ퉳鞆뚅苓꜁榿觱,0.22520026038722785,-690660862,꩖呴竉䘾罙鼟酬윫疄䯬,栙앉샑冠卑厜鑺뛿굱檫
two,ై묟׹깎瑉쏿헻蚝髪龠,0.0632249101152017,-1168760871,굎땛窡倽抃棳芧ポ퓅㑑,䘪ᨸ꽎ꤺς骰搁騿鈃誃
four,⍥忍갏㮻ࢧ쵉⺈瓂蝧च,0.24817857398566745,677082893,ꀶ䂱◖ʻắ둱련乵扐꧕,݈꡷ꃜ鑞ꐮ伩椗젞彤껡
four,쁣晙⁧ᤜㅯ㥬殂ን쬳⚃,0.4699241001807374,1699546048,㰑⿭ࣘූ봾鰰囎⿓貔С,ꯘḛဆ໎䞦᧿ꍉḷ춰䊏
three,ӡ圍큺䫶譾蛌ಹ퇓㈇햁,0.5064465363960667,-1243257176,홠ⲱ霓芘㺀ⳝ뀈蓄볉嚕,⿆䃟禬᏾䱍뤊骎総낲뫐
two,躕ᚿῳ昇푊㩈얩ᇼ闶鍥,0.8220189543812769,286128375,叼攛༙蹞잧뜽䖪핸쯓Ǡ,솵䗯떊恱̬䏚㠢␇團㗇
four,史〰ὴᾟ䟸滄뒮鸫᫬⥁,0.5892573911087731,1915807974,ዪ倣ྌ쳃밳鲍烷ꫮ챊௰,삷ㄺꂰ烉牬㣗茆谝׾⋿
three,⃝妷⢿捗䉏᝘ᗫ幤ᦡ垐,0.9722783081021052,-5807236,꩎窤;㞢὘卣䌓撡唧⯍,綽Ù境騤澿ษ鿖듴町籜
four,ꍘ钝㶟吟Ꝼ긓睲⡌᣼ꇌ,0.04402310879614202,-1686060931,㐋ᑽ샑唑뗢⃝襻ᾠ䵶텒,收엍⌦郴國立깯欌槳扑
three,鉙图啎뷐覊鄖捛形潌촂,0.5980267601489188,-113449045,뒨∅ꐚ峣␩䇭境猋䎨둁,֮ꉳ朌꿗턵ꁂ눣珺䖨怅
two,꟦摞孖돋囲◜颎Χ㮙ꎘ,0.9329525359336674,1106637509,ਦ휲쬏刊Ĩ듏Ⅵ큷竵┸,痆췴ꦔەိ԰⬊怪죰জ
one,ኂઉ蘍〹喠烡趽둷꼐셚,0.29363709074925637,1533834716,㱌끦ϊ᭻ᗄᢂ꧐⑳e뮁,ퟵ㠡⳻軏╯묑ꮌꟹ캣犘
three,벥유䌮ꢒ兢➘瀲繲⩗ꁫ,0.6676411877735193,-476157954,ឃ껊൶쾕⾏圔ひ컵ꛞ鍥,꥾骏ᯩ녂緌ོ耘舢寴㽸
three,夲켵ꡁ訫캘꿕嵇鳕簲皊,0.3785146137281783,170160200,嵳ꭙ䵖歿ꤸ鍡⦈칇⫳䦥,亪븮悃៪챒䴗鷃ీ㨹ᡰ
four,퓦컒ⶤ碟걈콥钴ꥵ澆퍳,0.08309026015027898,-190517291,Ḙპ麥桵觭ඣ⍕።뉯♫,菨错ඌ늓뚒汦醎싣빞馓
one,╮ⵦ彄帾蠷쁊餰뇏㬈헰,0.6109733652943101,738365232,쉝鹧䏕㟗赕䩡윷唅캣滙,脄츛ᯩ䘝䄙댊៪찙楝භ
three,좨趐윥ِ誅ㅌ娟귚ɮ䁖,0.38679980650509627,-768676312,鶂뽥뗾ߠꓜ餪撂ٲ쟝攉,찎ྞ茮隴崹⤮悍䶀㖪븝
four,墝佢馌ꉫ횄蠠郎櫮땯싵,0.48766497442276946,2116904767,ἰ怋㮌皻巍艦㥥偠㞇摻,怹먛䱢梚䌠찮㿨僮胂똀
three,暹腇᪍桋ᴐ谾Դ漟]͖,0.7278687317317376,-560450552,쉶ꀗ䯪倡돱襙浺妷൉琽,풾˦⻛ิ䗸䖎㶄摳姮㬐
one,旀靲鄈蓳ᤥꃠⴸ嗉〡霼,0.2116064797764804,286832175,ꄀ벻ύ橘釱㫇袄ꕶ頬秵,蒒ᑥⷊ쾑멷嫇ᖙ䘾洇ጫ
one,륜㬶빋꽩㝬顢菙斟㳉ꙗ,0.01235464517488749,1042663680,漍둓鄑䒄잷鼠倩鶏測跽,೩엶ᶢ簪晸휗肄몘֙碸
one,祶灌虵ᆭ鹻ꞻ遻쳗륵ᛒ,0.7303383368875714,50780586,먎ࠗ䉰嫍땄䞈㨀崀뭇鹹,䎅ᔯꞭ忮딌⃾猸㿆㹢䁇
one,콢侺纀⠬闋㌤猞㤢冎꘡,0.9720411648817008,-1070290796,퉅湊᢮쑡坜枛妝䘇鳱뀿,ポٸ斸ො㺅틌蕏Â夬驻
four,꧝ᮧᚔ焍꼦㒅ꔻ̸ꪱඣ,0.49593148395734654,-1935666061,澇ۨႶᆖ익鿴氿媬㈿艿,鎋쟆㚽滸ˬ爊졓쨝鈒悛
three,볚Ʋ韝؝㾛鴇⃺男↳᱾,0.7423896335420356,446281740,瓰⣿꺑ⳮ憖⪕쓏ഷ嫄㖫,瘱䉏⋬㆙濻嘈╪ᔑ櫽ỉ
one,䐅넭ᬝ⛼沞鄰腶㕺᝞䷂,0.06267628071590947,-1847425595,ඹ⠛벟䓘靅잜㔥㷿珂⊃,㠞뮨氩ؔ똲䨌⮞췣驢뭆
three,㫪姬켢ᬞᑂ힣곾嶸䚨ϙ,0.5806097580355954,1738307697,ب臔ࢧ⦀䲚鏚ࡺ⊂斡鷁,奬♠㼬吷泴䎝ꎞ㜔ັ䑁
one,ᕑ츉ᑳٖ鲜⭎䥅퓌蜯⃢,0.11418248680401755,742127355,䧷ᥣῢ掅瘏毪偦T굼롄,걡䅳䊊⥱㙴宐밚洭ꄀ櫜
four,䍱당鹁▖ຶ古矕ẇ潭篮,0.2558793098486668,1122908375,苔憟҄踤ᕬ땬鞝ⅹ콤㮽,ڬ㼼㞝絻裁ꂑ⽷騪畨뎻
four,恶Ჯ弭됊箸몸茽顪ꇨꕱ,0.5627695052824228,-200219792,戟⒍딊त㉯坚珀싐撈,嵾잋ꛇ䈲毀乽쮾Ḵ㌃욠
two,햙䛻颗ۅস癉石힎犍莱,0.8608184766914091,1669057757,䶤愭溬ব㖋ನᩭ쀓됬Ⳋ,쁉뛦⃑毽ⅾ窲駃ḱ鷫吟
two,ܧ䜝꤫祆炛悼㹾ꌠ⤨규,0.5695360742673773,2122997415,擽鱞咁䙦͜ꇽ଺篗᱖鏤,ὒ㊇ᔞ闦韣淮쾊뢕͢㏦
one,᳽挡卡얚ⳇꏷܾ斻ᷓ╶,0.7570432988912936,-549975183,汧帻榔퓌䎄鱂輛鳞⯒䮟,ᖘ夃嬇៛뎙汄⻷膶凌ڢ
two,稜焂䜽〄绱㞘쥳팓룴嚲,0.5380916338426173,-1031881554,⟠쟪濴眤擎׾懹ꙩ㹆ⵈ,䆭芎朥Ⴍ⻏臈㏸嘓庚柏
three,㌀餠鼺ᦀ䣕棣貓ꆎ럑䙨,0.3992723184900405,-1623090728,௧㨒硢빮ᭌ㵖Я쓗ꮂ蒣,뱿馩쉧섬⺅뤀鎩玚襧샶
two,櫰錺표棕쵃ේ鑴蚓鷇鉾,0.6989622657369451,988225728,‭霕ᰪྺ凜퐭誖猏須왙,罳 ȗ螬奸灶ᖔ䗾굨❣
one,⨼甗೹쒅磝툶䐻疪壒➂,0.34395854233716583,-296827155,詁ꆑ줣ꇋ豁᱊ᙸ鎌틍Ӓ,ꀀ죦㝻鄌℡抅띂玊ꗴ迪
three,듅麃媿ꇵ㬥䨡盹匦薧֡,0.9511250169236044,1624659497,鷄酮Ὤ寷웽ᾢ瞶桏⟆ⓕ,먟⁒刾ቱⲥ㧦ⷳ⢝붏蹾
three,券ꋞ兩ꖦ繃ȯե೥ꑨ豏,0.692299343538298,2102819496,횛型곎虷ⶆ깿阅䘹숕붪,⢣休햣竩귐벦幦眼㮕熍
one,팆콡ꦧፍ插价ᷳ佥얉㎕,0.303582113805827,-661940370,ἵᢅ쓖᪞㳮᪘భ㚵呇䕄,길譍쭼ꪠ⒑瘎윂橂慪뤋
three,燓㑊忕ỡ㷣ዣ̮楣寃夗,0.03690939929451231,54361570,鶄᭝堷漎໘䋛ꪥ傔뉑䄱,抺➰૰ᕋ獘ጎ鲦竺៮䗖
one,큣饗䑗ꢀ᜴뾍繎绐޻㊹,0.9705830520734535,-1354356820,䥩龋㽣ᜧ焃䅠⒞ꝥ吳躕,谰쁚䥀狛⃧뿧曏槌둌⦗
one,莘駍ꑠ퍌蓦鈸綍竣㑲ጵ,0.060211097498300004,-2010931626,攓튽㓬ྯᷦ㓷酐茵藆쪯,唀鲱ᔷ셟湣Ῑᦜ뭸떷䚃
four,ὰ쑋ⷪ풇‘㫡壇唦㭱垃,0.8418922931292877,-1339235776,梔鈵窜괶⪾㉅狪鹱㶯₢,檰ַꢬ섬潆痟庚䥏֥ೄ
four,桎ȧ⫄먼槗റ瞚칤萩ꉀ,0.7951186466036769,201618154,䷋䪀뿈ᇘ⋙὎䁻靜ᄅ긧,þꝎ痬ଛ躟掇犍⃇엤魃
two,ᧈ챔㕒㮧㎕랳㬱蟞욥즜,0.3628583618778326,-265345880,囻岚垥숋衴枔뀑섩嶠⸃,䓖朓珶ꯋ뛠搩㗉惝㦟䑜
one,쒣펬腘揉㕔汀伃덑຺Ế,0.11990602557169072,519816239,웜斎楆ࣾ瞬˴뀺뚪쎛ࡸ,퍇⡉称䴝ꨐ琽漖駭챼穑
one,湰羏Ɯ뀪拊혣र陒⧊缊,0.5220691915108305,-1451575640,䊆青鈝ꅂ焷竂鏇鳣鵃纝,谐몴៦婷Ꞿ솭㛚㈉ᕚ뭋
two,⹯澰㦜훰軀柨寱溘麼囚,0.874918320961207,131980582,ꡚ꺊꜄ᄄш䐨㨜֋벿鷔,佧Ȳਊ‐䢅凕祁䝖᧵빡
four,죊捯㩮俥㩀䱻䜑泚⛱ᯡ,0.626803972103828,-1455647569,ₕࡿ⍣О谼滃뱃쟆퉶,겁숮퍟謏⹞滑胠هꔢᔜ
three,⹘滥忳⺱孽왆쌎暸乎뿞,0.5052993255054641,-1741141948,吴᛬缞ᛯ캚醛즬낔鴩웛,亭綬㏊Ⳕ碤沶齒蛵戧ᗽ
one,肽肘쁧周ᛗ⡴鴹ᩩ넉ꤣ,0.33366599393544005,1679868028,맻į땮᤬詭澂ꩮ륮ᩩ䲺,ꆧᵐ槦载琴谟藾碁왧픇
two,尵関낓啺㳬髡ኊꀋ吂䂧,0.9380812105717548,-344474441,腌꟏鯂異Ťᅔ䌪᪊搬盂,맂䣆垬궷櫲नD鋣ữ㒘
four,틲静ᐧ젚⏭핷錧锤皠杅,0.24468060871811192,430406652,賯ျ븘☑ᥙ堬㒢룷㞑忎,琅ꦫ악橹棂њ谱䣦厑匔
four,篪똓ಓŦ㷅鍔汛옙곳狡,0.4713521472951967,773603306,馄モ狺嬗먕吐㵑Ꭿ⽳쨣,ᦎ뽜귴氾ⓚ鍂댛瘐猈껣
one,ň髇碄傃⳿믭䆹䌻ᱭ䒗,0.5443679901429358,-1037266314,㿬껸튝洲ᦚꪕ艶罈⇷鴉,ࢢ熂潶ᔀأ엔퇄߽嵤෸
two,爕癝圠∊ᾋꊆ뱦㌩횝侩,0.4059498181818696,-1848328378,륥ᰕ綡ჿ魊罆㼊ᘳ盩蔺,㟡㑃‐྇蒮Ⴄ줁裟䅢鬁
four,쪪ތ駠ꍅޏꬲ衃게祛䠎,0.17307985994271657,967283689,爡퓌퇮륅럩ώꀈ拻鏲꧟,릆䵱僼筼頊⺟❆㿞벾䷭
one,䚠艻뢮뿑쮫὾욦߻◈달,0.49501193916938757,-1336957381,ᾶ唞靀ࢄ멁口兯겖급⯩,쩐퉗玶뜵ִ䱜澆变὘㸃
two,犕㮬⏳斯켦굩珅ࡈ凾힒,0.9540732424487623,-1208342860,곴銬㲓Ⴧ곖ဨ헊⩚쩼齰,䯨⊨筚☔躢뾃ⵕꂯ࿪蚵
three,껤㓩❄ꤢ늹≻諏셑欭৖,0.6731624487140766,-2134494082,⥖磃煗鯒蟃띅쌍ྈ宷慁,璕܃䒐뜲쿗ౣꡮ♥Ψ᝔
two,麅⥦瘁糐梎鿆㫼ᗈ䍤Ḙ,0.729859691014785,424924023,頾帡蝗仯嚇㰄嵥⤙ᄶⰦ,샩㭧ቖᓼ䪽튣눒蜣⏡ᴁ
three,Ꙏ錰⯥诓䪗饐ǋ쿼ᲫⲔ,0.9951644958390667,1610913939,袆㽟檋㤯뿈{耀ꗩ᝾,ꋦ蕋림⏪ꦚ龍㯼赎鐴♭
two,㑌擤믒㩀Ͳ넟ۚㄻ䢂鵇,0.746416630782095,1275653945,몎㿃ꗑ䇬佬壭䗫敁砓╺,ツ䤅㝭䌪岻娇셵쨢懽嫸
one,탬⳰꙾偰聫ƙፃ癱徴獮,0.9441905363641144,2016481933,迎뛘狆圪늲ꦥ퓬⽟⧄럊,賬嚁쫦钶㟩ୁꝚ찾丟卼
one,禁撁敍ⅽ뼔즄眄浢뙞槱,0.34660519297079684,-546011190,蝩갎൏헴ꊹ耬瀲鬕煲仐,ꓪ阅ྥ햆箹夀쿪⺥滩忮
four,鈀䂩ḑၶ꯰㈌玉邛డ觷,0.8337378991688231,-1860656364,열⅕串펓栕ଦṮ吗놮絋,屽貝ၩ딚ᘗ崠䍗㾵⚙魷
one,狰鲷뀫북䊮ᇽ鑅煹볞벾,0.106957634815808,-1084524950,흰욨좨䯱ᰦ䔹딤滹剙,빵㼎⥋힏흤쓝揀ᗒ눬꜍
one,じṝ妱ீ輗鏋矷땾䨦௏,0.6365655553037116,999295655,덤䎷屖婉固᷷Չٹ亶ꬬ,懍埥␁৉偽䔝璑᚟ꢫ㸐
one,裿ᡋ䎶嫨갾Ť觌扗⌧䣶,0.2508540588250362,-1693909846,✾ᡧ※є抲ڰଟ먊䝠앐,玺눰萻㋟漠싛㩧뭮휐뙢
four,ϩꄟ馨༖穭귄栄眚ꇫ행,0.33138716092144904,-1497096926,˃繵믔懵絗솝묩揑嗞箽,懽꽷쇗⊩兘䁚쎏㿒骛䛍
one,ꓹ鄥鱨韯橚塗塁䩦頧뛟,0.8876030681796944,-314339438,э茳⾺뛷玮⸐峚୞⎁잢,৒麈᥃᩼⑭⺍䲮൛˂鎘
three,㶞㊔Ἒ픮㛕―휻ᣧ醲E,0.5065876613306989,-983257726,䡣砻ꉎ芋ᶌ擺蝫뙱׷㚚,샣粡껶曺矠ꩩ犤懷膁轮
three,苙啧鈤滿ᄯꗚ訖浻煊늃,0.018302947043714823,-1803373309,鲐㦥卂቉䖙ꭧ͟숖뿕ㅟ,쁷ꬬ뾥♋奉낏㍩⦋齆ຓ
two,財഑㫏ᑹ円셥锜᮱㈔⪹,0.13372759137390422,-961964568,◕䍢↾宒뜏硈鯫㛠屵煀,㸁᳄삇䑪⥸἗濡噸೉҂
four,຺꧰篍뻏뤙羦䘇灭偏ᵙ,0.48843799948406064,264050527,䅽ᠹ杦퍊䣙ᲁꄩ鯖皇컛,ཌྷ홰뼃틭Ћ쑓쨛ꌎ䶬폳
two,糍协픑喯땓፼痊醱ᯜ짣,0.8964722892821783,478781403,륣乗घ녊⤄妕嗛홷늏㮭,㵉ꗽ錘譝짪궸㡆짚㋓⎮
two,俿鮎ꏝ喧✳⪟苺∥⻣⪻,0.09243713639301265,-839371930,햕賏竸憆挷݊࿉䟠摬无,羥漖髰튶⃡ล풮亲얬ߟ
two,ᐫꄱ궸᤼㘦荜官⮿狥Ꞁ,0.39787401114153953,693588177,亮刁谅ꢚ픏悭䉰˯ῇ䩜,銫캐ᗄ㪓㊌ꮁ㥌屁ཋ髼
three,▊묁䑎焊쏜鑄췎մ잙௳,0.8009896699100157,1001997410,쒏⊸嘺䘫䴞퀎褌哈㥪ꐁ,⻟႘ㅵϔ㶀媉蠭ל猓ꘄ
one,ꆿង⚎铃㡐᧊䗓鳞쟏⇄,0.776305178466759,1402461935,⦵뫆Ꟊ᏿਩꘸땷ꖤ칏罗,碢泗렵ρ爉깩߄⿥텕⯉
two,ڞꛐ⽑㍧究굂ྲ⁩泄,0.8075030093635553,-338603386,꺵콥໺絤檔郪Ꞓ갧Ǒ,旜ꫯ㌓뱶➾죀ꌰ羮劲윳
four,뾩笑䲈䶼អ滨愫뜺鳊൉,0.43408188157932226,1133302287,噐쵆梈쳗淧꟥撛ౢ㚵ᵈ,쀌骈形īᦓ諅灪喾뵮㸆
one,䚲⌗㗃ا䴞坮ퟃ吪公ɼ,0.511050213334992,385648531,謍邰ॺ櫇ẁⳉ᝷嬯ꎹ牑,䫴씻⎤缅梺ⱛ猴륵퐀긅
one,㼒ᔁ犣뎪꣉헆❄鍝묖蛊,0.5598402240402124,-758049533,쏣迋䞙舦茚᭞⸑ᵍ鳭Ἦ,鵩룄뚫隌檷ᩩ䧚樝솛酽
three,孼ꍿ桬ቹ툶࠻诜㢙ᄽ㻢,0.17046870317247542,-777048644,毪≴붉뛛䁭ꁦ翙⾏ᣔ聒,䐳Ⓩ纝ᱪ뫳姓䔘ྣ漟崳
four,潖苎ݎ䅙㈫벃䡾ᐑ粔糨,0.1335757135891631,534149912,듔Ọሏ렛ŭ哩鞦౳母힏,輰ခꔫ跺୲䇴嵘䟑䴫縇
three,좵忙착❼깛嗘쬕낸☤鷊,0.29453647361868307,2138111179,䤒霗狠偰莕낷箥쵦羞㪪,펃꩚傷堰ᤠ뵤筠봫줇ᄹ
four,샭㧚雟톚灚퀏푮礚䚎㇥,0.01008863298244711,-314507811,瑓诖틢뻉蒕츋䫧儐⌛뵲,닎鷅퐲큧殯뫾䥖羻鈛痫
two,襟宺旋ꈾᶅ蹛걻ꖖ箎閃,0.6585956584448114,-644769405,ಚ腼萏觅쓻硬덮Ф貸ใ,㚜ᄹ꒺୔䲮鱾䯍ක꺣䴵
two,鎝씀줋락跥ᐘ㤂侓嵠짟,0.24118880167938284,609302308,暴鱙ᄧ㜈塠봀냣쳼‴䉭,웎놱⟟ꚱ췓铦塩샡栎쫐
four,཈퐊졌䀓龁釠蠀猅⾬톞,0.4564658122120606,437218120,坑랫啧棼ⳁᴇ찼꺏诬ῧ,및全첝ꮞ麋茻⍎偎ꫣꩣ
three,렟憽鐇附젿⢎䧊욍⋙燌,0.9188118160104005,-368583863,ꔽ঵綽櫹㚰늯醣랋䰰Ⲹ,讔錎㮿裄䁍ꅅ鞙鉛龐蜳
three,ี꥝퐶쎌෨ℤ兼烐ퟔ䮒,0.5714695425265972,-1384371203,园憚ᦫ맅䥫쑬ᭆ⑸뱠뽔,ꊲ濑啁됾ᗞ仜謰⛒鿠稽
three,哤끦藒鸾⮔瑑뼘쟿ผᶨ,0.7902277757015189,749221809,䁛㚦毳繝犿꣉뽒렒嫻⊟,戗㢲쮛≋਄閗Ԭ䁿㹤ആ
three,ṓ펽皢翣铹먆答ᐵ箺뢸,0.3609791435537788,96523820,舛册獲ሣꉘ檛쨠祥੬莫,᠛錊ꍲ矀ꚕ㪩磑㞨෉凇
one,輬ࡵᆇ㲘鶘ᙴቅ䫡㷷忯,0.6434449419335415,452983189,弯᠛턠銰꟰끇⠠벸ဟ원,ꀿ豮糟浦䥇뉄ܤ槛婶骤
one,㊼哲鍪呠樿쉡꜃秦ꇘ҈,0.03981636053456872,1981601132,풢躽ᢽ丢ᯝ纳扂屿₿隇,雄잛쟜Ҁ之뭇࿡炴蹓劷
three,舄쇯㯢䍃朋㗨睑뮨禸㺏,0.8070143555288968,1419690239,㳱Ꟑ罘럫ά崢咇㝔藄儕,돮갏ퟴ谁藂煅ᶞ荋攪챙
two,㢞輖켨ㅤ酜듘騘ꉥ❎겈,0.5794434263425595,1020959998,덹Ꞷ狻㷆꾽뛊묪ਘ焻蠇,蓁틘달ꯀ꩟嬌㎵燋ↂແ
three,쓷热꧒扵焫阂鄵䄰䵅婉,0.015641449696116694,1378894869,뜈臫꺨♴홓귣疐鸷쭧糀,༥먛䖡㋨蒝⌗鯬깄唐胂
two,齔徭矵䮢툫᧣繒竟錽咺,0.6381554826673981,1127614649,Ǎ샒স攽櫬큀덴ꫬླ㒍,啽⑮˞鐀봸Ꝫ윥ሷݸ负
three,镐∄㽜㬭ඞ鴴笩ⅽꊂ頊,0.7138456151859489,196609684,鸴퇔ᦥ밸᷿ӝ⌙髐퓿촉,撲뗨绞劆᧬쇛㒃඘⤊綮
one,䀣⮍ዢ鎹衰揭㯌퍗뾯䁲,0.044017904610344716,-2045301720,迚ቕ崨ꮈä㏿ᝃꃻ뵇櫪,쇞鳈೙囵개睹墐唯㢞㠅
two,⌡梣樺褐꓇ણ푅餺럼듥,0.5975434249376925,129886623,散ᨱ㦅깞穓貎⚸奓맶⇕,ᘇ뚖ꓦ䝷捔蒿鸢ᤄꙝ꤉
four,␺峢ᕍẙ⹿遵ꅝ㮵ࢴ品,0.6743182398800406,1288598513,꩎ꍙ룅࣎佌벸岭㏒᥌䮝,臗䒊૆ꊳ鋁옲ⓣ֫完牂
three,㉾恩䮸놟禷쮯╕܅១䳽,0.7116534894243166,248453049,㍬ᶢᙬ㐑踇૩淛롭至瞂,膊ᙡ鐡螀ᅱ⃤蒳㤡溞딵
three,㖧積ᩴᖿ큷௣ꚣ㯑駜Კ,0.6356693579995788,875380087,ⳓ㥑ᖄ蛐ཱ썚ꙅ뺹繼跎,㵎ꚰ虄맇⩏癝鶜廭뚰뉨
four,ࣸ遰鏵ゑ噗튋뀷⮄嵻촧,0.755046858905078,-900787952,〜ቴ坺欓矅豳̓祉ⶥ᳦,ሦ檕썝ⴼ萖찆庽䍱䃏熗
one,廦虛緾탨倹ᣱ躆隀⩂М,0.6360872859481468,-295155517,콳攞偏む㿯춂㶪頸묯遂,㩞⯐穸癙⣀킇辰枌笘汏
two,ꃏ鳑污瞋鏙잽꥘堯Ⲯ傷,0.8074329655761098,-1330586629,剔핮錊꺓ㅿҁ莲褗騰돘,돃ᄿ肖쭴ⳤ䗒끸쑹ᫍ䷬
three,쏲䣢콪䦑㌂ꎈ柀䬝弓⌆,0.5584739146582096,1499965599,涃㾹昌科⥲┝꽷虔霽醿,㨉鯩Ո枱Ⳮⶮ淂⍬攳ݖ
four,甐툥풁嬍鞷ℂ镮㽡ɯ뀅,0.5417441348423,605068741,脌瘥渕꒿ⱐ瘰坸쁁⧩卲,减瀥氱좃吊耨ꆡ棩ᯙ䯑
two,猩瞱뱬⣨낲ߛᚮ쌬鄴혟,0.963688330642136,130159875,뵾诟䏁抟崮쇨೘㝍혃᤺,ㅇ娞섂ヒͭ䊎뎂潹髙፻
three,ᒷ闪Ӌᲊ짜ڇط橈첄⩧,0.06654760369036594,1862934443,⁬컙᳓瀭㟏֏찧鱌錸豍,㐰ആ崶鈍ⓥねᗹ乻䙾頔
three,廿⛷ᴙ굺గኊư갊놥蠱,0.5561436671791192,-2099264588,꟰㸜a⸑셚귡懝㍚噚ئ,恢쌗鵍瞢⛈㦹럞ⴔ坧砡
two,狎늬뛶㱘췖䛅꾉甀⛒ᘷ,0.9428911786695069,-154074077,쑞瞘裑✖ꨀ뻄擒압䨳订,錭꒪ጣ䲠὏骳㠅䟣쯤璐
two,螬位鐚逡錤廻엻ୁ魿地,0.2865924291148312,-1058854102,൘삌쩷婑・ṵ炤㎌壬롸,❦쇲댠쟺å쐃삢랊望ⳉ
two,浃絑弰괬夨ᑼ樞싼快䁌,0.11631012242930727,758886495,헬窚衉杍㵻蕬쑱蹦쭓癖,䐄吮燜롤軹鋸鱂莨Ꮂ⾄
three,䨎㴱㛶_᭄篍ສ쾛뉧ꊞ,0.5120689883054076,-2059643982,諡쑔툷뎑坃铦〈悜읇韝,ح⽮⯷ᢹ꣞㤭ଵꨎ䂛赪
four,蓵棵뽋脀⊠⭝ㇶ⦠婧淊,0.6156600054589753,1910648336,懱⠳ꅘ괊ꉭ뫲鰛ೌὢ侾,섀眈듊狋瘍쩵护똭颦Ɗ
two,觾趥詬ⓐ䝄䙒袨ㆰᑅ臾,0.5140639305952935,-1988781356,밭똲ॼ㏇⼊繬ᕑ㞄宀쯀,쬞岛덞䗤粴㿯䡜䘞뎺ෛ
three,ཇ᭟䜞鄢惮亲씿廆覝旦,0.9047748365710879,-1830385298,晁甸䦔ፄ朰츋팚膡暨U,욏ᔇǵఌ컜馛濠琖괳፨
two,䦣롼뮘틸䳇煄>㤻鸿ꠥ,0.2407677771648159,1662455030,꫻锑ힷ报䊕읢纮ꬕ絓竣,럢廢쎛ꕉ掅퓦⧱癡⠢쾥
one,ꡑȜ벋뱓䋵籶뵍ϭ쁾፸,0.8801016774439231,750022520,憁ꇂ⭕꼝绷찌娐䡳Ꙣ묆,璒ꙧ蒥㱄◆៸ꥴ鄀⊯斾
one,醢槽〙࣭봊୙潃黴謳ꎷ,0.7011150443655105,-1917863616,哏恍쥋ཌ糖럯蔳◫슄蓉,䐔㹛豆쾻볖좀ꖜ츱꼱艓
four,핅ꙅ駫슿倦숥栕립퇤뷱,0.22746774913650492,-129888136,쿖ꮐ⸗쿓轁궽灅ۖ䧍쥕,슳籘锔퉾莿睘㖷䶤檼쯘
three,浴䍴婮㹲몔縷⾢嚐⇇롂,0.3264853936374498,-613768254,㝎평愄靄뫑桱趺麉쀲ࢁ,̣ࢅ圿똆બ㐚ׄ㰾庪ꊝ
one,持睬㟶ㄼ憤뛮ꇠ嶿佷쓺,0.36465894977464375,-1587770679,弑啼跩뀢⺬ၪ鵩척쬜㞔,俨퍂ૠ棁먶ⵥ儀棿餠蜯
three,嶠끨诖篤쫻ꟿ⮖욍ꦪ序,0.42500535067678025,-984663596,ϧ眷늉饓␚䤁왃댷躮憊,⚪Բ⩾툜ႚ휠ዷ㕣ꗮ錵
one,繩捔㩁뷵犖岸Մ鼒ுଗ,0.5748192361402368,-24223269,瞫൞㘬쑴額஀凔耍鵷혥,㊢襯涮騛鳠孿⨯堵䑅쵲
two,聶ꋀ㲏不葆뎶⏊⺿⺶蝋,0.6937901967233094,-1129616195,㌵ꠝ膳쁝꿜ᝧఋ胶訟ྏ,ꢋὍ䰙ꚧᏟ龈镉ᗓ圩鸴
four,樃䁸ၠⴼ骫ネ鶓퍈谾黀,0.3907316401293942,980862327,峼渣构썘╩譶ꌒ:죑桱,ᗁ瘒蓍ֿ軍竂헽阒漴᝭
four,ᙥ闋쉈깽鴕덶૟Ჭ∉ի,0.5021504885067476,862443158,餽鞂逯뎅ꇼॶᒦ⎋ᴲ을,帢畿┸嬈ᤞ뉙䞉뿛뇣ᜎ
three,毃ᤉꯍ劀꯱箍光ꂣ쌫贵,0.4243531273323792,1865723199,㠛㨪덵⁘쁾쳦櫶眖䖎敺,껼壡麌액瞴巐賴構आ⥓
four,ꨰꂱ楢㻊清쏭뾞埋ᾃ듓,0.20536124020394297,-1351840400,뽷紲ው氕耯状뭦칑뢥뵯,䘾㦩届칸伴癣랉ᡟ쉼闇
three,᣹䁉璖,㷣ㄷ젶牗薝뼘,0.8927120159723122,1746472056,팱㑫ꀬᙆఀथㄵꦄ䟸揾,쯡캯뫂綷৭郳黐㉊圭㟀
four,癜嘘ꎸ솝䉈놁橭돗×䒐,0.25128120916233254,-402159436,鄪ȇ魧깝䆼죉ᐩୂ广樑,氶ꦙ댞ꗉ뢩⿋禈㗵渇醲
two,餝馳೚戯럟浄挢ᐵặ媤,0.20422543140955163,1080533515,ᳺꏰ㪢뭨蝩갉◙ꊦ沯쳶,⾉䎽咅摦樝甖銁洼ȱ嶏
three,魨らꝽꩻല梧㾊퇏쒺椷,0.9737661100324022,-910967605,ᾬ㢠栌⊅庆쨌㬐⦝飮ධ,剃䓍䣕푱絷ꬦ鞃筿믘䊚
three,谺欞퐜⽝ࡊ搻稴䦙⍺ꉱ,0.41307154837281523,-1211750199,呑鳢℧ꗟ䫓㟎鍄돼⾗۝,潇ὼ时됚丢뫝䘔戜쎘ܨ
